id,conversation_id,created_at,date,time,timezone,user_id,username,name,place,tweet,language,mentions,urls,photos,replies_count,retweets_count,likes_count,hashtags,cashtags,link,retweet,quote_url,video,thumbnail,near,geo,source,user_rt_id,user_rt,retweet_id,reply_to,retweet_date,translate,trans_src,trans_dest
1357116135456591876,1357116135456591876,2021-02-03 17:57:55 Hora estándar del Centro,2021-02-03,17:57:55,-0600,1201557623339921408,megan_phl,megan kelly,,it’s the golden globe nomination for emily in paris...they truly chose violence,en,[],[],[],0,0,5,[],[],https://twitter.com/megan_phl/status/1357116135456591876,False,,0,,philadelphia,,,,,,[],,,,
1357114249932378116,1357114249932378116,2021-02-03 17:50:25 Hora estándar del Centro,2021-02-03,17:50:25,-0600,16098365,ihsanamin,ihsanamin v4.3,,"@TheRevAl Sir, the Nubius Extraterrestrial Geo-Radiating Orbiters are nearly online.  The reckoning is at hand. Those Q Patriots won't know what hit them.",en,[],[],[],0,0,0,[],[],https://twitter.com/ihsanamin/status/1357114249932378116,False,,0,,philadelphia,,,,,,[],,,,
1357113627627593731,1356763560014151685,2021-02-03 17:47:57 Hora estándar del Centro,2021-02-03,17:47:57,-0600,1104135917898485761,foxsss9,PeaceDot Sports,,@brianseltzer @BenSimmons25 @MatisseThybulle @BasketballAus #Australia is gonna have problems shooting in the @Olympics   @BenSimmons25 &amp; @MatisseThybulle Both provide great defense but no ability to physically shoot at the basket  Can Andrew Gaze sit in chair and be a designated shooter  https://t.co/NpqB9Ms4BC #Philly #HereTheyCome,en,"[{'screen_name': 'olympics', 'name': 'olympics', 'id': '52422878'}, {'screen_name': 'bensimmons25', 'name': 'ben simmons', 'id': '1063034450'}, {'screen_name': 'matissethybulle', 'name': 'matisse thybulle', 'id': '2330719896'}]",['https://philly-what.com/2020/12/09/should-the-sixers-trade-simmons-for-harden/'],[],1,0,0,"['australia', 'philly', 'heretheycome']",[],https://twitter.com/Foxsss9/status/1357113627627593731,False,,0,,philadelphia,,,,,,"[{'screen_name': 'brianseltzer', 'name': 'brianseltzer', 'id': '41372475'}, {'screen_name': 'BenSimmons25', 'name': 'Ben Simmons', 'id': '1063034450'}, {'screen_name': 'MatisseThybulle', 'name': 'Matisse Thybulle', 'id': '2330719896'}, {'screen_name': 'BasketballAus', 'name': 'Basketball Australia', 'id': '95540496'}]",,,,
1357109187663265794,1357001896339398660,2021-02-03 17:30:18 Hora estándar del Centro,2021-02-03,17:30:18,-0600,506905283,tinaarlington,TinaMaria,,"@mtgreenee YOU REPRESENT HATE, VIOLENCE, RACIST, BULLYING, DISRESPECT, PSYCHO BEHAVIOR!  YOU DO NOT REPRESENT AMERICANS!  YOU NEED TO BE REMOVED IMMEDIATELY!!!  https://t.co/a1XpW88mdW",en,[],[],['https://pbs.twimg.com/media/EtVrnUxXIAU5nWv.jpg'],0,0,0,[],[],https://twitter.com/tinaarlington/status/1357109187663265794,False,,1,https://pbs.twimg.com/media/EtVrnUxXIAU5nWv.jpg,philadelphia,,,,,,"[{'screen_name': 'mtgreenee', 'name': 'Marjorie Taylor Greene 🇺🇸', 'id': '826065164504006657'}]",,,,
1357108956418695169,1357108956418695169,2021-02-03 17:29:23 Hora estándar del Centro,2021-02-03,17:29:23,-0600,341810382,itskiauki,trixie tang,,now i’m about to start shooting,en,[],[],[],0,0,0,[],[],https://twitter.com/itskiauki/status/1357108956418695169,False,,0,,philadelphia,,,,,,[],,,,
1357108837728329729,1356889261245489158,2021-02-03 17:28:55 Hora estándar del Centro,2021-02-03,17:28:55,-0600,81183115,cheanndev,cheryl devecco,,"@thomas_violence this is great, on point ✌️",en,[],[],[],0,0,0,[],[],https://twitter.com/cheanndev/status/1357108837728329729,False,,0,,philadelphia,,,,,,"[{'screen_name': 'thomas_violence', 'name': 'thomas violence', 'id': '62208940'}]",,,,
1357108815402049542,1357081689856606217,2021-02-03 17:28:50 Hora estándar del Centro,2021-02-03,17:28:50,-0600,34981111,ltischler,Lisa DiCerto,,"@GOPLeader Today I read a statement from one of Rep. Omar's constituents, a rabbi. He said that she met with them and apologized and disavowed her remarks. Is Greene going to meet with those she has hurt, apologize and publically disavow her position?",en,[],[],[],0,0,0,[],[],https://twitter.com/ltischler/status/1357108815402049542,False,,0,,philadelphia,,,,,,"[{'screen_name': 'GOPLeader', 'name': 'Kevin McCarthy', 'id': '19739126'}]",,,,
1357106734893043712,1357106734893043712,2021-02-03 17:20:34 Hora estándar del Centro,2021-02-03,17:20:34,-0600,419243176,neudman,will,,I hit a decade in November and I haven't been okay since like 2014,en,[],[],[],0,0,1,[],[],https://twitter.com/neudman/status/1357106734893043712,False,https://twitter.com/BethLynch2020/status/1357051449482612737,0,,philadelphia,,,,,,[],,,,
1357104776794800130,1357104776794800130,2021-02-03 17:12:47 Hora estándar del Centro,2021-02-03,17:12:47,-0600,169716201,chaimike26,Mike,,"In memory of Dustin Diamond. This hit from @NickLachey, @DrewLachey @JeffTimmons, and @JustinJeffre     https://t.co/QM6Z6OanE0",en,"[{'screen_name': 'nicklachey', 'name': 'nick lachey', 'id': '78385842'}, {'screen_name': 'drewlachey', 'name': 'drew lachey', 'id': '273961750'}, {'screen_name': 'jefftimmons', 'name': 'jeff timmons', 'id': '246653875'}, {'screen_name': 'justinjeffre', 'name': 'justin jeffre', 'id': '533498289'}]",['https://youtu.be/1kofixtz2Us'],[],0,0,0,[],[],https://twitter.com/ChaiMike26/status/1357104776794800130,False,,0,,philadelphia,,,,,,[],,,,
1357102530006761476,1357016545306808320,2021-02-03 17:03:51 Hora estándar del Centro,2021-02-03,17:03:51,-0600,1483667844,billtruthfinder,Bill Fleisher,,"@chipfranklin Maybe her congressional colleagues think that even racist, anti-Semitic, white supremacy are entitled to be represented in the Congress.  You know, like mass murderers are entitled to a criminal defense attorney.  It’s a fairness thing. Ya think?",en,[],[],[],0,0,1,[],[],https://twitter.com/BillTruthfinder/status/1357102530006761476,False,,0,,philadelphia,,,,,,"[{'screen_name': 'chipfranklin', 'name': 'Chip Franklin.com', 'id': '48325671'}]",,,,
1357102218839785472,1357102218839785472,2021-02-03 17:02:37 Hora estándar del Centro,2021-02-03,17:02:37,-0600,1053937531,geneyrosay,Zackai’s Dad,,Alright... We might have a hit here,en,[],[],[],0,0,0,[],[],https://twitter.com/GeneyRosay/status/1357102218839785472,False,https://twitter.com/PrimeVideo/status/1356965664284684296,0,,philadelphia,,,,,,[],,,,
1357100715009839110,1357016232873058306,2021-02-03 16:56:38 Hora estándar del Centro,2021-02-03,16:56:38,-0600,1103808438289735680,dubzaklorraine,Lorraine Dubzak,,@Dalyp145 @KeeleyFox29 @PhillyPolice @FOX29philly Animals don’t attack people only savages do that. The three of them share one brain cell.,en,[],[],[],1,0,2,[],[],https://twitter.com/DubzakLorraine/status/1357100715009839110,False,,0,,philadelphia,,,,,,"[{'screen_name': 'Dalyp145', 'name': 'Pat pat', 'id': '33883920'}, {'screen_name': 'KeeleyFox29', 'name': 'Steve Keeley', 'id': '603155306'}, {'screen_name': 'PhillyPolice', 'name': 'Philadelphia Police', 'id': '73491087'}, {'screen_name': 'FOX29philly', 'name': 'FOX 29', 'id': '14787713'}]",,,,
1357100377427083264,1357100377427083264,2021-02-03 16:55:18 Hora estándar del Centro,2021-02-03,16:55:18,-0600,191238253,abvavrgjoe,The Power of PineSol,,I have so many questions.... 1. What happened to Aaron Carter 2. Aaron Carter??? 3. Are we sure that’s Aaron Carter and not a Machine Gun Kelly stunt double?,en,[],[],[],0,0,0,[],[],https://twitter.com/abvavrgjoe/status/1357100377427083264,False,https://twitter.com/ComplexPop/status/1357084665794936833,0,,philadelphia,,,,,,[],,,,
1357100339569307657,1357100339569307657,2021-02-03 16:55:09 Hora estándar del Centro,2021-02-03,16:55:09,-0600,195831312,wpcsports,PC Athletics,,"In the @PCquakersBBall win today, Trey Shinholster led with  17, Mark Butler had 12 &amp; Sam Davies chipped in 11 points. 9 of 10 players hit the scoresheet for the Quakers #teamwork #gocharter",en,"[{'screen_name': 'pcquakersbball', 'name': 'penn charter boys 🏀', 'id': '934423090712535040'}]",[],[],0,5,13,"['teamwork', 'gocharter']",[],https://twitter.com/wpcsports/status/1357100339569307657,False,,0,,philadelphia,,,,,,[],,,,
1357100048522313735,1357100048522313735,2021-02-03 16:53:59 Hora estándar del Centro,2021-02-03,16:53:59,-0600,45415976,mk12679,pro social distancer 6+yrs,,"So when was the last time you guys eyed the distance from your bedroom window to the ground, wondering what you might hurt &amp; more importantly, just how stupid you'll look if you jump because your cats have, for all intents and purposes, locked you in your bedroom? Never? Just me?",en,[],[],[],1,0,0,[],[],https://twitter.com/MK12679/status/1357100048522313735,False,,0,,philadelphia,,,,,,[],,,,
1357097558666059777,1357097558666059777,2021-02-03 16:44:06 Hora estándar del Centro,2021-02-03,16:44:06,-0600,1099606868,miz_60msm,Miz,,that new @MoneyBaggYo shit hit different 🔥 #TimeToday,en,"[{'screen_name': 'moneybaggyo', 'name': 'certified speaker', 'id': '238687719'}]",[],[],0,0,0,['timetoday'],[],https://twitter.com/miz_60msm/status/1357097558666059777,False,,0,,philadelphia,,,,,,[],,,,
1357096898151211010,1357096898151211010,2021-02-03 16:41:28 Hora estándar del Centro,2021-02-03,16:41:28,-0600,232941734,blowme_orvanish,ادوارد تايلر,,If it hit a 1 I’m moving to Dubai. If it hit .10 I’m goin on alil vacay 😭,en,[],[],[],0,0,0,[],[],https://twitter.com/BlowMe_OrVANIsh/status/1357096898151211010,False,https://twitter.com/elnoramoon_/status/1357092757723099139,0,,philadelphia,,,,,,[],,,,
1357095138636550145,1357095138636550145,2021-02-03 16:34:29 Hora estándar del Centro,2021-02-03,16:34:29,-0600,126684665,just_gwright,G,,"Idk which dystopia is worst: Attack On Titan, Promised Neverland, or Four Years of Trump",en,[],[],[],0,0,0,[],[],https://twitter.com/just_gwright/status/1357095138636550145,False,,0,,philadelphia,,,,,,[],,,,
1357093129543893000,1356751045859418112,2021-02-03 16:26:30 Hora estándar del Centro,2021-02-03,16:26:30,-0600,2783684464,frankqcwriter,Frank Max Truelove,,"@LeaderMcConnell Meanwhile, Officer Sicknick was murdered because 2-time loser of the popular vote incited an insurrection. Here! In America!",en,[],[],[],0,0,1,[],[],https://twitter.com/FrankQcwriter/status/1357093129543893000,False,,0,,philadelphia,,,,,,"[{'screen_name': 'LeaderMcConnell', 'name': 'Leader McConnell', 'id': '1249982359'}]",,,,
1357090911742738442,1357089183685296129,2021-02-03 16:17:41 Hora estándar del Centro,2021-02-03,16:17:41,-0600,266324583,juju_themaestro,"Ovaltine Papi, Big Body",,"@SpaceCake_Doll Same, running sets with the homies or shooting shit is always a better call. I only do online events for charity/a good cause these days, cause tryna fully compete online is STRESS",en,[],[],[],0,0,1,[],[],https://twitter.com/Juju_TheMaestro/status/1357090911742738442,False,,0,,philadelphia,,,,,,"[{'screen_name': 'SpaceCake_Doll', 'name': '🌸𝓢𝓹𝓪𝓬𝓮𝓬𝓪𝓴𝓮 🐇', 'id': '2650420659'}]",,,,
