id,conversation_id,created_at,date,time,timezone,user_id,username,name,place,tweet,language,mentions,urls,photos,replies_count,retweets_count,likes_count,hashtags,cashtags,link,retweet,quote_url,video,thumbnail,near,geo,source,user_rt_id,user_rt,retweet_id,reply_to,retweet_date,translate,trans_src,trans_dest
1356752937842663425,1356752937842663425,2021-02-02 17:54:42 Hora estándar del Centro,2021-02-02,17:54:42,-0600,1257164489562046465,nutz_beat,BeatNutz,,JAWSH really chose violence today,en,[],[],[],1,0,2,[],[],https://twitter.com/nutz_beat/status/1356752937842663425,False,https://twitter.com/jawshonthebeat/status/1356673090730618881,0,,phoenix,,,,,,[],,,,
1356751963069681664,1356663311320899589,2021-02-02 17:50:49 Hora estándar del Centro,2021-02-02,17:50:49,-0600,804727055849926657,urdeal59,TammyB 🇺🇸🇺🇦😎🌵🌮💃🌊,,@sharkhaywood @SnarkAttackk @AkeyAyers @Girl1972Vegas @Strandjunker They did have the goods but he was a sitting Pres at the time so they went forward with a civil suit at that time. It was a civil conviction of fraud &amp; misuse of foundation funds for personal use (fraud). He could still face State criminal charges as well.,en,[],[],[],0,0,1,[],[],https://twitter.com/urdeal59/status/1356751963069681664,False,,0,,phoenix,,,,,,"[{'screen_name': 'sharkhaywood', 'name': 'Mark Haywood', 'id': '455186774'}, {'screen_name': 'SnarkAttackk', 'name': 'ObservingTheAbsurd', 'id': '54677680'}, {'screen_name': 'AkeyAyers', 'name': 'Akey ""Care Union"" Ayers', 'id': '1288332666400464897'}, {'screen_name': 'Strandjunker', 'name': 'Andrea Junker', 'id': '1866938882'}]",,,,
1356748600617893888,1356732785399062530,2021-02-02 17:37:28 Hora estándar del Centro,2021-02-02,17:37:28,-0600,1831255122,eturleye,🇺🇸Voting Rights or Bust 🇺🇸 ✍️,,"@RadioFreeTom My favorite submarine book is ""To Kill the Potemkin""    🤓",en,[],[],[],0,0,0,[],[],https://twitter.com/eturleye/status/1356748600617893888,False,,0,,phoenix,,,,,,"[{'screen_name': 'RadioFreeTom', 'name': 'Tom Nichols', 'id': '459872442'}]",,,,
1356744486802530305,1356571403429019649,2021-02-02 17:21:07 Hora estándar del Centro,2021-02-02,17:21:07,-0600,4862156118,ilikecheese3434,RG l Cheese,,@Lethal__Shot @sme_rt @FMC_RTs @PromoteAMGamers @rtsmallstreams @SupStreamers @SmallStreamersC Hi your friendly neighborhood cheese back agian to ask you to help me get 1500 follow or 5 sub. Will be on tonight so come stop by. #SmallStreamersConnect  #SmallStreamerCommunity   https://t.co/ohwQ7fy7wM,en,[],['http://Twitch.tv/ilikecheese3434'],[],0,1,1,"['smallstreamersconnect', 'smallstreamercommunity']",[],https://twitter.com/ilikecheese3434/status/1356744486802530305,False,,0,,phoenix,,,,,,"[{'screen_name': 'Lethal__Shot', 'name': 'Lethal__Shot', 'id': '1131154253379252224'}, {'screen_name': 'sme_rt', 'name': 'streamachine retweets 🇬🇧', 'id': '1150729203563806720'}, {'screen_name': 'FMC_RTs', 'name': 'FMC Retweets', 'id': '765420582884093952'}, {'screen_name': 'PromoteAMGamers', 'name': 'PromotingAMGamers™', 'id': '1084937149'}, {'screen_name': 'rtsmallstreams', 'name': 'RT Small Streams', 'id': '1128878664572166144'}, {'screen_name': 'SupStreamers', 'name': 'GG', 'id': '1344531411139768324'}, {'screen_name': 'SmallStreamersC', 'name': '#SmallStreamersConnect', 'id': '1020094666685919233'}]",,,,
1356736409982263296,1356736399513280514,2021-02-02 16:49:01 Hora estándar del Centro,2021-02-02,16:49:01,-0600,407329611,blakemurphy7,Blake Allen Murphy,,The reality is that you build an elite defense with a solid scheme and adding talent...and executing talent.  So a typical person would look at AZ and say that they need to invest at DT and Running back. And that will win games because the passing offense opens up. Hmm...,en,[],[],[],1,0,0,[],[],https://twitter.com/blakemurphy7/status/1356736409982263296,False,,0,,phoenix,,,,,,[],,,,
1356732514652409857,1356729636877664256,2021-02-02 16:33:33 Hora estándar del Centro,2021-02-02,16:33:33,-0600,4362623953,killaxxxcam,K!LLA CAM 🌺🇺🇸⏳,,@brad_polumbo Sex sex sex  and don’t forget the violence  https://t.co/nD5e7P7DEO,en,[],[],['https://pbs.twimg.com/tweet_video_thumb/EtQVBvwVoAArdvn.jpg'],1,0,11,[],[],https://twitter.com/killaxxxcam/status/1356732514652409857,False,,1,https://pbs.twimg.com/tweet_video_thumb/EtQVBvwVoAArdvn.jpg,phoenix,,,,,,"[{'screen_name': 'brad_polumbo', 'name': 'Brad Polumbo 🇺🇸⚽️ 🏳️\u200d🌈', 'id': '848280544152608769'}]",,,,
1356732164981710848,1356732164981710848,2021-02-02 16:32:09 Hora estándar del Centro,2021-02-02,16:32:09,-0600,208243171,male_killer,kale 🥬,,How on earth I hit a 4 leg English Premier League parlay is beyond me but I’m $300 richer so what’s up.,en,[],[],[],0,0,7,[],[],https://twitter.com/Male_Killer/status/1356732164981710848,False,,0,,phoenix,,,,,,[],,,,
1356732163220152322,1356679328742924288,2021-02-02 16:32:09 Hora estándar del Centro,2021-02-02,16:32:09,-0600,22701300,foradancer,Nancy Iannuzzi,,"@TunaMelt17 @rachel_berc I'm a huge Crenshaw fan but there's one blinding error on the album credits.  'Crazy' was written by Wille Nelson, not Patsy Cline.  Patsy made it a hit.",en,[],[],[],0,0,0,[],[],https://twitter.com/Foradancer/status/1356732163220152322,False,,0,,phoenix,,,,,,"[{'screen_name': 'tunamelt17', 'name': 'tunamelt', 'id': '1375064832643362825'}, {'screen_name': 'rachel_berc', 'name': 'Rach against the machine', 'id': '4648060396'}]",,,,
1356712195405488128,1356711899153510415,2021-02-02 15:12:48 Hora estándar del Centro,2021-02-02,15:12:48,-0600,894291907530022913,rynebolick,Ryne ₿olick,,@naomimath Time and time again gun control policies naturally support @MAJTOURE’s claim that gun control is racist,en,"[{'screen_name': 'majtoure', 'name': 'maj toure', 'id': '45360908'}]",[],[],0,0,1,[],[],https://twitter.com/RyneBolick/status/1356712195405488128,False,,0,,phoenix,,,,,,"[{'screen_name': 'naomimath', 'name': 'Naomi Mathew 🗽🌺', 'id': '4746120494'}]",,,,
1356710250108227584,1356620889756995585,2021-02-02 15:05:04 Hora estándar del Centro,2021-02-02,15:05:04,-0600,197647404,astokkebye,Anna Stokkebye,,"And then they hit me with Chris Brown - go crazy, clearly Charlotte wants me to stay",en,[],[],[],0,0,0,[],[],https://twitter.com/AStokkebye/status/1356710250108227584,False,,0,,phoenix,,,,,,[],,,,
1356709852437864452,1356619786562674688,2021-02-02 15:03:29 Hora estándar del Centro,2021-02-02,15:03:29,-0600,1831255122,eturleye,🇺🇸Voting Rights or Bust 🇺🇸 ✍️,,@peterkpihl @JayBarbuto @AZDHS Most doctors and Nurses need to take a day off after the second shot. The reaction can be draining.   Do you always treat people like chattel?,en,[],[],[],0,0,5,[],[],https://twitter.com/eturleye/status/1356709852437864452,False,,0,,phoenix,,,,,,"[{'screen_name': 'JayBarbuto', 'name': 'Jay Barbuto', 'id': '18654820'}, {'screen_name': 'AZDHS', 'name': 'AZ Dept of Health', 'id': '16952753'}]",,,,
1356709588666474498,1356709588666474498,2021-02-02 15:02:27 Hora estándar del Centro,2021-02-02,15:02:27,-0600,894291907530022913,rynebolick,Ryne ₿olick,,How much will you owe under the President’s proposed gun control plan?  Do the math and let me know how much you’d owe (of course before your boating trip):  $200 - for each “assault weapon”  $200 - for each magazine that holds 11+ rounds,en,[],[],[],6,2,2,[],[],https://twitter.com/RyneBolick/status/1356709588666474498,False,,0,,phoenix,,,,,,[],,,,
1356709491111129091,1356619786562674688,2021-02-02 15:02:03 Hora estándar del Centro,2021-02-02,15:02:03,-0600,1831255122,eturleye,🇺🇸Voting Rights or Bust 🇺🇸 ✍️,,@peterkpihl @JayBarbuto @AZDHS Not fully inoculated for three weeks after the second shot.   Maybe you should worry more about educating yourself.,en,[],[],[],0,0,1,[],[],https://twitter.com/eturleye/status/1356709491111129091,False,,0,,phoenix,,,,,,"[{'screen_name': 'JayBarbuto', 'name': 'Jay Barbuto', 'id': '18654820'}, {'screen_name': 'AZDHS', 'name': 'AZ Dept of Health', 'id': '16952753'}]",,,,
1356709254506319873,1356707966905245698,2021-02-02 15:01:07 Hora estándar del Centro,2021-02-02,15:01:07,-0600,407329611,blakemurphy7,Blake Allen Murphy,,"@YahooSchwab From count there’s maybe half the teams who could make moves but this is really more of an outlier year given that we saw multiple QBs from the 2004 class or earlier hit retirement, two more who could in Brady/Ben nearing the end and one in Aaron who saw a first round QB taken.",en,[],[],[],2,0,1,[],[],https://twitter.com/blakemurphy7/status/1356709254506319873,False,,0,,phoenix,,,,,,"[{'screen_name': 'YahooSchwab', 'name': 'Frank Schwab', 'id': '165869629'}]",,,,
1356708735205265408,1356595414540177408,2021-02-02 14:59:03 Hora estándar del Centro,2021-02-02,14:59:03,-0600,2263467283,jtansmore23,HUEY🚫⛓👨🏾‍🦱,,@izzwashere @whyustressed @noahmm__ @HxYeager 😂😂😂 no she shot sasha fuck her,en,[],[],[],2,0,8,[],[],https://twitter.com/JTansmore23/status/1356708735205265408,False,,0,,phoenix,,,,,,"[{'screen_name': 'IzzWasHere', 'name': 'Izz Oharisi', 'id': '1484849447116976128'}, {'screen_name': 'whyustressed', 'name': 'GBANK$💸💕', 'id': '1154815169404559360'}, {'screen_name': 'noahmm__', 'name': 'noah', 'id': '1156525882682613762'}]",,,,
1356707235531956224,1356705845753442305,2021-02-02 14:53:06 Hora estándar del Centro,2021-02-02,14:53:06,-0600,702234998,historyrunner,Victoria Jackson,,@jshector You all can troll me when we hit our 50th day over 110 this summer 😉,en,[],[],[],1,0,1,[],[],https://twitter.com/HistoryRunner/status/1356707235531956224,False,,0,,phoenix,,,,,,"[{'screen_name': 'jshector', 'name': 'Jarod Hector', 'id': '27461628'}]",,,,
1356702065997750272,1356702065997750272,2021-02-02 14:32:33 Hora estándar del Centro,2021-02-02,14:32:33,-0600,33040815,kcowden,Karie Cowden,,@Dell Need assistance with my moms laptop. Who can help? Microphone isn’t working. We’ve done all trouble shooting and rebooted.,en,[],[],[],0,0,0,[],[],https://twitter.com/Kcowden/status/1356702065997750272,False,,0,,phoenix,,,,,,[],,,,
1356699523846864898,1356699523846864898,2021-02-02 14:22:27 Hora estándar del Centro,2021-02-02,14:22:27,-0600,182227195,dreja_vu,Michelle Pfizer,,"I could watch documentaries and listen to podcasts about murder and missing person cases like all day and still sleep like a baby at night. But if I watch an episode of hoarders, I have nightmares of roaches and rats crawling around everywhere and I wake up sweaty and nervous. 😟",en,[],[],[],0,0,3,[],[],https://twitter.com/dreja_vu/status/1356699523846864898,False,,0,,phoenix,,,,,,[],,,,
1356699420872507392,1356699420872507392,2021-02-02 14:22:02 Hora estándar del Centro,2021-02-02,14:22:02,-0600,1350222103157506048,marledramos1,Marle D Ramos,,Can't believe they are going to vaccinate those criminals at Gitmo. Who is running the country. ???A bunch of Yahoo who doesn't know what they are doing. ? Never seen the country this bad. Been here 55 Years.?Unconstitutional Impeachment. The American people needs help,en,[],[],[],0,0,0,[],[],https://twitter.com/MarleDRamos1/status/1356699420872507392,False,https://twitter.com/RepMattGaetz/status/1356618637939998721,0,,phoenix,,,,,,[],,,,
1356692833516675073,1356692833516675073,2021-02-02 13:55:52 Hora estándar del Centro,2021-02-02,13:55:52,-0600,2540292414,heaaathuuur,Heather Morales,,It’s about to be 1 and I feel like I’ve been hit by a bus today,en,[],[],[],1,0,1,[],[],https://twitter.com/heaaathuuur/status/1356692833516675073,False,,0,,phoenix,,,,,,[],,,,
1356680372549951488,1356501377871085573,2021-02-02 13:06:21 Hora estándar del Centro,2021-02-02,13:06:21,-0600,407329611,blakemurphy7,Blake Allen Murphy,,"@Dadwithtwinz @kent_hodder I think the offense was designed with the routes for Fitz to get him targets in spite of his age—lack of deep routes from slot  Bills don’t have a receiver over 6 foot and they excelled...because Diggs, Brown, Beasley are all guys who can get open with ease.",en,[],[],[],1,0,0,[],[],https://twitter.com/blakemurphy7/status/1356680372549951488,False,,0,,phoenix,,,,,,"[{'screen_name': 'Dadwithtwinz', 'name': 'Gungus', 'id': '877356248542322689'}, {'screen_name': 'kent_hodder', 'name': 'Kent', 'id': '364151734'}]",,,,
1356680060451713025,1356675132010364928,2021-02-02 13:05:06 Hora estándar del Centro,2021-02-02,13:05:06,-0600,385622735,shelbymarie_,Shelby Marie,,What would’ve been more impressive is if production stepped in on air and did something. Not wait until a girl was finally hurt enough to speak up. What I’ just watched is absolutely disgusting and these women didn’t deserve more air time for being nasty. #TheBachelor #bullying,en,[],[],[],0,0,0,"['thebachelor', 'bullying']",[],https://twitter.com/ShelbyMarie_/status/1356680060451713025,False,,0,,phoenix,,,,,,[],,,,
1356678779595223041,1356674986619129868,2021-02-02 13:00:01 Hora estándar del Centro,2021-02-02,13:00:01,-0600,1328856051064573952,captdinosaur81,Capt_Dino (Gaby) 🦕,,@RulesImpact @Kingcorbinqueen @wcwcrowbar @WWEREALONE @ChatChatterson @ChazTaylor713 @Phenom_Jazz @ToddRusher @WeTalkImpact @Kelly_WP @JadeChung11 @Walking_Weapon @williammgardner @KLonTheMic @TumiVelma @alantheus23 @MrsAIPAlisha @TheEddieEdwards  https://t.co/9wcYIIzSdN,und,[],[],['https://pbs.twimg.com/tweet_video_thumb/EtPkJ_iVgAEQeZB.jpg'],0,0,1,[],[],https://twitter.com/CaptDinosaur81/status/1356678779595223041,False,,1,https://pbs.twimg.com/tweet_video_thumb/EtPkJ_iVgAEQeZB.jpg,phoenix,,,,,,"[{'screen_name': 'RulesImpact', 'name': 'I am Cursed Senator gary with a G to my friends.', 'id': '1269066956042375170'}, {'screen_name': 'wcwcrowbar', 'name': '🍷 Crowbar 🍷', 'id': '875738450347139072'}, {'screen_name': 'WWEREALONE', 'name': 'The Real One \uea00 ☄️', 'id': '1044801122983182336'}, {'screen_name': 'ChatChatterson', 'name': 'Chat Chatterson', 'id': '899049429394739200'}, {'screen_name': 'ChazTaylor713', 'name': 'TheChazTaylor', 'id': '3139422522'}, {'screen_name': 'Phenom_Jazz', 'name': 'Jazz “Female Fighting Phenom”', 'id': '636671039'}, {'screen_name': 'ToddRusher', 'name': 'Todd', 'id': '951487487112830977'}, {'screen_name': 'WeTalkImpact', 'name': 'Total Nonstop IMPACT Podcast', 'id': '862762130084376576'}, {'screen_name': 'Kelly_WP', 'name': '𝐊𝐈𝐋𝐋𝐄𝐑 𝐊𝐄𝐋𝐋𝐘', 'id': '45883551'}, {'screen_name': 'JadeChung11', 'name': 'Jade Chung', 'id': '937904868'}, {'screen_name': 'Walking_Weapon', 'name': 'Josh Alexander', 'id': '206214265'}, {'screen_name': 'williammgardner', 'name': 'William Gardner', 'id': '41716369'}, {'screen_name': 'TumiVelma', 'name': ""Ariana's cake"", 'id': '1256907628095188995'}, {'screen_name': 'alantheus23', 'name': 'redrum.', 'id': '1238870852701163524'}, {'screen_name': 'MrsAIPAlisha', 'name': 'Alisha', 'id': '491912640'}]",,,,
1356678529400758274,1356678529400758274,2021-02-02 12:59:01 Hora estándar del Centro,2021-02-02,12:59:01,-0600,4362623953,killaxxxcam,K!LLA CAM 🌺🇺🇸⏳,,"This is a brilliant strategy actually, let Cernovich act as an attack dog so that the serious candidates can focus on policy and looking professional.",en,[],[],[],1,0,4,[],[],https://twitter.com/killaxxxcam/status/1356678529400758274,False,https://twitter.com/Cernovich/status/1356676073862303748,0,,phoenix,,,,,,[],,,,
1356670733208838145,1356670733208838145,2021-02-02 12:28:03 Hora estándar del Centro,2021-02-02,12:28:03,-0600,580470850,gravyjohnson,Greg Johnson,,Putin tries to kill him. Now jails him. They take out the opponents,en,[],[],[],0,0,0,[],[],https://twitter.com/gravyjohnson/status/1356670733208838145,False,https://twitter.com/jsolomonReports/status/1356663462559121410,0,,phoenix,,,,,,[],,,,
1356668148880035840,1356668148880035840,2021-02-02 12:17:47 Hora estándar del Centro,2021-02-02,12:17:47,-0600,753106474235269120,dmxyne_,daniel,,bro @DonToliver is bout to kill this entire year...yikes,en,"[{'screen_name': 'dontoliver', 'name': 'don toliver', 'id': '328933964'}]",[],[],0,0,2,[],[],https://twitter.com/dmxyne_/status/1356668148880035840,False,,0,,phoenix,,,,,,[],,,,
1356668042739027969,1356668042739027969,2021-02-02 12:17:21 Hora estándar del Centro,2021-02-02,12:17:21,-0600,1166103724097277952,msmithmagic,Marlee Smith Magic,,You’re gonna kill it on @cronkitenews! Proud of you!,en,"[{'screen_name': 'cronkitenews', 'name': 'cronkite news', 'id': '15446773'}]",[],[],0,2,7,[],[],https://twitter.com/MSmithMagic/status/1356668042739027969,False,https://twitter.com/TheeAltaPeralta/status/1356666953461506049,0,,phoenix,,,,,,[],,,,
1356666230766112769,1356657124500115458,2021-02-02 12:10:09 Hora estándar del Centro,2021-02-02,12:10:09,-0600,483239620,robertstock6,Robert Stock,,@sashajehy Harass her orphaned kid for 10 years type of love,en,[],[],[],0,0,2,[],[],https://twitter.com/RobertStock6/status/1356666230766112769,False,,0,,phoenix,,,,,,"[{'screen_name': 'sashajehy', 'name': 'jehy', 'id': '2475967376'}]",,,,
1356665107397320704,1356665107397320704,2021-02-02 12:05:41 Hora estándar del Centro,2021-02-02,12:05:41,-0600,609633824,xokelliexo16,Kellie,,The Arizona weather is starting to kick in 😍,en,[],[],[],0,0,5,[],[],https://twitter.com/XoKellieXo16/status/1356665107397320704,False,,0,,phoenix,,,,,,[],,,,
1356659172469735425,1356659172469735425,2021-02-02 11:42:06 Hora estándar del Centro,2021-02-02,11:42:06,-0600,426153529,neecvicious,NEECVICIOUS ❤️‍🔥,,I was so crossfaded last night I hit my bong without water.  Wtf man! 😩😂,en,[],[],[],0,0,1,[],[],https://twitter.com/NEECVICIOUS/status/1356659172469735425,False,,0,,phoenix,,,,,,[],,,,
1356657328032862217,1356425395487268868,2021-02-02 11:34:47 Hora estándar del Centro,2021-02-02,11:34:47,-0600,261849152,bdmurchison,Ben Murchison,,@DukeTWTLive I’d have been fine with Hurt shooting from the U there. Give him the ball earlier if you don’t want to take the shot.,en,[],[],[],0,0,0,[],[],https://twitter.com/bdmurchison/status/1356657328032862217,False,,0,,phoenix,,,,,,[],,,,
1356650207857922048,1356650207857922048,2021-02-02 11:06:29 Hora estándar del Centro,2021-02-02,11:06:29,-0600,201458198,mrtriay,Raymundo,,Who's joining my day one Online Dynasty? Warning I will attack your number 1 recruits for the entire season even if I'm not on their top teams and steal them during bowl week.,en,[],[],[],0,0,1,[],[],https://twitter.com/MrTriay/status/1356650207857922048,False,https://twitter.com/EASPORTS/status/1356644353901539342,0,,phoenix,,,,,,[],,,,
1356644323383676934,1356644323383676934,2021-02-02 10:43:06 Hora estándar del Centro,2021-02-02,10:43:06,-0600,1350969216787247104,444tayyy,Taylor Mariah,,My childhood of the Whip/Nae Nae is officially over .🥺 #Silento killed his OWN cousin 🤦🏾‍♀️🤦🏾‍♀️,en,[],[],[],0,0,0,['silento'],[],https://twitter.com/444tayyy/status/1356644323383676934,False,,0,,phoenix,,,,,,[],,,,
1356642680260812800,1356633582190669824,2021-02-02 10:36:34 Hora estándar del Centro,2021-02-02,10:36:34,-0600,110235981,excossack,Ex Cossack,,"@Nate16200579 @NBAOfficial @Eric__Smith They got outplayed after game 5. When Draymond was suspended, Bogut got hurt didn’t play rest of series and Iggy got hurt. Game 5 changed everything. I’m allowed to follow whoever I want. I follow lots of NBA reporters.",en,[],[],[],1,0,1,[],[],https://twitter.com/ExCossack/status/1356642680260812800,False,,0,,phoenix,,,,,,"[{'screen_name': 'Nate16200579', 'name': 'Nate sports fanatic', 'id': '1355964200963756034'}, {'screen_name': 'NBAOfficial', 'name': 'NBA Official', 'id': '423868716'}, {'screen_name': 'Eric__Smith', 'name': 'Eric Smith', 'id': '23546948'}]",,,,
1356640282008117255,1356463754444115969,2021-02-02 10:27:03 Hora estándar del Centro,2021-02-02,10:27:03,-0600,1160986315271229440,leoo_1035,leo,,@_eternalatake I miss seeing her hit blinkers then blowing the smoke in my face,en,[],[],[],0,0,0,[],[],https://twitter.com/leoo_1035/status/1356640282008117255,False,,0,,phoenix,,,,,,[],,,,
1356632409723129858,1356632409723129858,2021-02-02 09:55:46 Hora estándar del Centro,2021-02-02,09:55:46,-0600,366338275,tevgrant,Tevin Grant,,"Every single time you think you hurt me, you’re only making it easier not to care.",en,[],[],[],0,2,10,[],[],https://twitter.com/TevGrant/status/1356632409723129858,False,,0,,phoenix,,,,,,[],,,,
1356631544027246592,1356631544027246592,2021-02-02 09:52:19 Hora estándar del Centro,2021-02-02,09:52:19,-0600,1001967836,melissaaaleon_r,MELiSSV,,@fourloko hangovers just hit different 🥴,en,[],[],[],0,0,0,[],[],https://twitter.com/melissaaaleon_r/status/1356631544027246592,False,,0,,phoenix,,,,,,[],,,,
1356628876693176320,1356628876693176320,2021-02-02 09:41:43 Hora estándar del Centro,2021-02-02,09:41:43,-0600,376868852,coopsgolf,Brian,,Georgia is all butt hurt and now up to no good. No good at all!!!!!,en,[],[],[],0,0,0,[],[],https://twitter.com/CoopsGolf/status/1356628876693176320,False,https://twitter.com/AriBerman/status/1356406961403781120,0,,phoenix,,,,,,[],,,,
1356627957893193729,1356627957893193729,2021-02-02 09:38:04 Hora estándar del Centro,2021-02-02,09:38:04,-0600,804387754410909696,artmuurderer,ghetto pistol-holding nigga on your damn street,"{'type': 'Point', 'coordinates': [33.4219, -111.935]}","“I’ll be goddamned if a n* try to play with me.... you better watch what you say to me!” #waitonme #waitingtoexhale  @jameecornelia shot it 📽 prod. by @retrogalaxxy  link in my bio for full visual @ Tempe, Arizona  https://t.co/WNJ5K9OW4C",en,"[{'screen_name': 'jameecornelia', 'name': 'jameecornelia.tez/eth🖖🏾🐞', 'id': '349167146'}, {'screen_name': 'retrogalaxxy', 'name': 'retro galaxxy', 'id': '606011047'}]",['https://www.instagram.com/p/CKy41EBDXbt/?igshid=t1g5e7ekwzvr'],[],0,0,0,"['waitonme', 'waitingtoexhale']",[],https://twitter.com/artmuurderer/status/1356627957893193729,False,,0,,phoenix,,,,,,[],,,,
1356623067011706881,1356623067011706881,2021-02-02 09:18:38 Hora estándar del Centro,2021-02-02,09:18:38,-0600,886757219642949632,_kgethigh,💕,,You saving yourself for the bitch with no eyesbrows shut up for I kill y’all.,en,[],[],[],0,0,0,[],[],https://twitter.com/_Kgethigh/status/1356623067011706881,False,,0,,phoenix,,,,,,[],,,,
1356619419334574080,1356619419334574080,2021-02-02 09:04:08 Hora estándar del Centro,2021-02-02,09:04:08,-0600,586754234,mvteodvniel,Mathew 🛸,,Morning workouts hit different 😜,en,[],[],[],0,0,0,[],[],https://twitter.com/mvteodvniel/status/1356619419334574080,False,,0,,phoenix,,,,,,[],,,,
1356617737984831488,1356617737984831488,2021-02-02 08:57:28 Hora estándar del Centro,2021-02-02,08:57:28,-0600,1283914129497972741,thomasc83643158,Thomas Coyne,,CAN SOMEONE PLEASE TELL ME IF ANYONE WILL BE HELD FOR FIVE COUNTS OF MURDER FROM JANUARY 6TH 2021. FIVE HUMAN LIFE'S WERE STOLEN ON JANUARY 6 DUE TO DONALD TRUMPS LIES AND STILL NO CHARGES TO ANYONE. I'M DISCOURAGED.,en,[],[],[],0,0,0,[],[],https://twitter.com/ThomasC83643158/status/1356617737984831488,False,,0,,phoenix,,,,,,[],,,,
1356617230469881861,1356617230469881861,2021-02-02 08:55:27 Hora estándar del Centro,2021-02-02,08:55:27,-0600,878027736614191104,mikefiveoh,Mike 🇺🇸,,"If calling down a hallway for people you’re clearing out of a building is attempting murder, where do I turn myself in for the hundreds of not thousands times I’ve done this at work",en,[],[],[],0,0,0,[],[],https://twitter.com/MikeFiveOh/status/1356617230469881861,False,,0,,phoenix,,,,,,[],,,,
1356609869449580544,1356609869449580544,2021-02-02 08:26:12 Hora estándar del Centro,2021-02-02,08:26:12,-0600,36629648,bassthov3n,Howard // BASSTHOV3N ( AFFILATE TWITCH DJ ),,"Happy Tuesday.  Rise, Grind &amp; Hustle.  Mind is a powerful weapon, so invest in knowledge and a strong mental health. Motivation 02/02/2021  https://t.co/XSpjgxTDLg via @YouTube #TuesdayMotivation #InvestInYourMentalHealth #InvestInKnowledge #MindIsVeryPowerful #bassthov3n",en,"[{'screen_name': 'youtube', 'name': 'youtube', 'id': '10228272'}]",['https://youtu.be/dp1A6hL6ZAw'],[],0,0,0,"['tuesdaymotivation', 'investinyourmentalhealth', 'investinknowledge', 'mindisverypowerful', 'bassthov3n']",[],https://twitter.com/BASSTHOV3N/status/1356609869449580544,False,,0,,phoenix,,,,,,[],,,,
1356606632352837633,1356308702924427264,2021-02-02 08:13:20 Hora estándar del Centro,2021-02-02,08:13:20,-0600,786706076385280000,az_resister,Kristen 🇺🇸 🇺🇦💙 🌵,,@donwinslow @RochesterNYPD Your officers unnecessarily assaulted a 9 year girl yesterday! WTF are you doing about it?!!!,en,[],[],[],0,0,0,[],[],https://twitter.com/AZ_Resister/status/1356606632352837633,False,,0,,phoenix,,,,,,"[{'screen_name': 'donwinslow', 'name': 'Don Winslow', 'id': '255812611'}, {'screen_name': 'RochesterNYPD', 'name': 'Rochester NY Police', 'id': '605746053'}]",,,,
1356601540912570369,1356601540912570369,2021-02-02 07:53:06 Hora estándar del Centro,2021-02-02,07:53:06,-0600,1044391173631033345,lillianfitch4,Lily,,"No offense to the English voice actor's in Haikyuu but... They suck compared to the Japanese voice actor's. It's not their fault though the Japanese voice actor's just have beautiful voices, can't do anything about it🤷‍♀️",en,[],[],[],0,0,0,[],[],https://twitter.com/LillianFitch4/status/1356601540912570369,False,,0,,phoenix,,,,,,[],,,,
1356569050277580801,1356569050277580801,2021-02-02 05:44:00 Hora estándar del Centro,2021-02-02,05:44:00,-0600,2902307352,quisalmyhty,Quis D. Almyhti 🌹,,This is how I’ll be shooting my shot from now on lmfao. Inserting this image every time. #BlackClover  https://t.co/G4va6fVRKX,en,[],[],['https://pbs.twimg.com/media/EtOAXItU4AUu42P.jpg'],0,2,19,['blackclover'],[],https://twitter.com/QuisAlmyhty/status/1356569050277580801,False,,1,https://pbs.twimg.com/media/EtOAXItU4AUu42P.jpg,phoenix,,,,,,[],,,,
1356498986148929536,1356498986148929536,2021-02-02 01:05:35 Hora estándar del Centro,2021-02-02,01:05:35,-0600,3188212196,kevinlcurry,"Kevin Curry (🏌️, ⛳)",,I don’t know about this one. I love calendly link. If your cold email adds value and is personalized the obvious next step is to book a call or just hit reply. What’s rude about sending less emails? I’m confused. 🤷‍♂️,en,[],[],[],2,0,2,[],[],https://twitter.com/kevinLcurry/status/1356498986148929536,False,https://twitter.com/domm/status/1356429678664441856,0,,phoenix,,,,,,[],,,,
1356486363936296965,1356486363936296965,2021-02-02 00:15:26 Hora estándar del Centro,2021-02-02,00:15:26,-0600,545576012,kai_newkirk,Kai Newkirk,,"So many love you, are deeply grateful for your service, and will stand beside you to the end of our journeys, sister @AOC. The faith you have in people is powerful. We will insist on truth &amp; accountability for those who incited and carried out the terrible attack on our Capitol.",en,"[{'screen_name': 'aoc', 'name': 'alexandria ocasio-cortez', 'id': '138203134'}]",[],[],1,17,59,[],[],https://twitter.com/kai_newkirk/status/1356486363936296965,False,https://twitter.com/justicedems/status/1356439260002410497,0,,phoenix,,,,,,[],,,,
1356480150561415168,1356480150561415168,2021-02-01 23:50:44 Hora estándar del Centro,2021-02-01,23:50:44,-0600,986113940550594562,abstrctshdws,Lord Reverend Koense 👻🏳️‍🌈,,"@AOC thank you for being you. I can’t stop reading/watching about you and all the pain and hurt you’ve endured lately, but here you are standing stall, fierce and ready to kick some ass. Thank you for standing up for the working class like myself! 🖤",en,[],[],[],0,0,0,[],[],https://twitter.com/AbstrctShdws/status/1356480150561415168,False,,0,,phoenix,,,,,,[],,,,
1356479262635610113,1355937666236358657,2021-02-01 23:47:13 Hora estándar del Centro,2021-02-01,23:47:13,-0600,1354601283525648384,riduanmohamed2,Riduan Mohamed,,@NBCNews Kick out Trump from US.😡😡😡,en,[],[],[],0,0,0,[],[],https://twitter.com/RiduanMohamed2/status/1356479262635610113,False,,0,,phoenix,,,,,,"[{'screen_name': 'NBCNews', 'name': 'NBC News', 'id': '14173315'}]",,,,
1356470983310286848,1356470983310286848,2021-02-01 23:14:19 Hora estándar del Centro,2021-02-01,23:14:19,-0600,141359773,commodorekulor,Kulor Research Labs Inc.,,"been on a big Palm OS kick lately, anyone got any dope Palm Pilot game recs?  https://t.co/t6SSvoe6lS",en,[],[],['https://pbs.twimg.com/media/EtMnK57VcAAl30X.jpg'],1,0,9,[],[],https://twitter.com/CommodoreKulor/status/1356470983310286848,False,,1,https://pbs.twimg.com/media/EtMnK57VcAAl30X.jpg,phoenix,,,,,,[],,,,
1356467190333988866,1356458990083870721,2021-02-01 22:59:14 Hora estándar del Centro,2021-02-01,22:59:14,-0600,37450725,justchrisbyrd,Chris,,@manicsocratic And my parents are too busy watching Murder She Wrote,en,[],[],[],1,0,0,[],[],https://twitter.com/JustChrisByrd/status/1356467190333988866,False,,0,,phoenix,,,,,,"[{'screen_name': 'manicsocratic', 'name': 'Adan the Abstraction', 'id': '16496165'}]",,,,
1356462677195915266,1356462677195915266,2021-02-01 22:41:18 Hora estándar del Centro,2021-02-01,22:41:18,-0600,137476484,aquariusinaz,AquariusinAZ,,This just a harrowing account of what AOC went through! 😔My heart breaks for her &amp; everyone affected! They deserve justice! 💔  Alexandria Ocasio-Cortez Recounts Fear That She Was ‘Going To Die’ In Capitol Attack  https://t.co/gGXpdpx37O,en,[],['https://www.huffpost.com/entry/alexandria-ocasio-cortez-capitol-attack_n_601882e8c5b6aa4bad36b2e4'],[],0,1,3,[],[],https://twitter.com/AquariusinAZ/status/1356462677195915266,False,,0,,phoenix,,,,,,[],,,,
1356459114864414721,1356447036028063744,2021-02-01 22:27:09 Hora estándar del Centro,2021-02-01,22:27:09,-0600,229392341,reyrey1414,ant,,@alyssaslieeef I just had a really bad reaction to the first shot lol and i keep hearing the 2nd shot is worse,en,[],[],[],0,0,0,[],[],https://twitter.com/reyrey1414/status/1356459114864414721,False,,0,,phoenix,,,,,,"[{'screen_name': 'alyssaslieeef', 'name': 'alyssa', 'id': '538686274'}]",,,,
1356458445830983681,1356458445830983681,2021-02-01 22:24:29 Hora estándar del Centro,2021-02-01,22:24:29,-0600,541415572,jay4three,Titty Specialist 👅,,So ima need @FatFrancOnKing fade cuhkz I hit this nigga like 4 months ago for his new number 🤣,en,"[{'screen_name': 'fatfranconking', 'name': 'jean fraud van scam', 'id': '1040138848959791104'}]",[],[],3,1,1,[],[],https://twitter.com/Jay4Three/status/1356458445830983681,False,,0,,phoenix,,,,,,[],,,,
1356450847480115201,1356450847480115201,2021-02-01 21:54:18 Hora estándar del Centro,2021-02-01,21:54:18,-0600,2670946276,barlossss,Barlos,,What a shot Book sheesh,en,[],[],[],0,0,0,[],[],https://twitter.com/Barlossss/status/1356450847480115201,False,,0,,phoenix,,,,,,[],,,,
1356447290077052929,1356447290077052929,2021-02-01 21:40:10 Hora estándar del Centro,2021-02-01,21:40:10,-0600,261083151,kountry_k,Iso Joe,,Cam never hits a shot in crunch time lol,en,[],[],[],0,0,0,[],[],https://twitter.com/Kountry_K/status/1356447290077052929,False,,0,,phoenix,,,,,,[],,,,
1356446986128420865,1356446986128420865,2021-02-01 21:38:57 Hora estándar del Centro,2021-02-01,21:38:57,-0600,2390460456,donmilliono,𝕯𝖔𝖓 𝕸𝖎𝖑𝖑𝖎𝖔𝖓𝖔,,When telling your story people might take it as flexing or trying to impress people but in all reality it hit different because you really changed it around for you to become a different person,en,[],[],[],1,1,8,[],[],https://twitter.com/donmilliono/status/1356446986128420865,False,,0,,phoenix,,,,,,[],,,,
1356446065956806656,1356247593844690946,2021-02-01 21:35:18 Hora estándar del Centro,2021-02-01,21:35:18,-0600,266328011,fatherghostface,Brosiden,,"@OpossumsInSpace And also, men are less likely than women to report it when these things happen to them so the data on how often it happens could be potentially worse than we thought. Especially since we don’t take female violence very seriously or violence against men seriously.",en,[],[],[],0,0,0,[],[],https://twitter.com/fatherghostface/status/1356446065956806656,False,,0,,phoenix,,,,,,"[{'screen_name': 'OpossumsInSpace', 'name': '🪐 hoe-possum 🌠', 'id': '1742035014'}]",,,,
1356445223165939712,1356445223165939712,2021-02-01 21:31:57 Hora estándar del Centro,2021-02-01,21:31:57,-0600,1602375378,pricillaaricea,Aricea,,I’m too clumsy to risk it. I’ll hit send on accident.,en,[],[],[],0,2,3,[],[],https://twitter.com/PricillaAricea/status/1356445223165939712,False,https://twitter.com/ThatDudeMCFLY/status/1356414363570200578,0,,phoenix,,,,,,[],,,,
1356442970581393410,1356442970581393410,2021-02-01 21:23:00 Hora estándar del Centro,2021-02-01,21:23:00,-0600,136536474,mlkennedy67,♒ MLK67 ☕ Do It!! 💉,,Worst practical joke EVER. It's all fun and games until millions get hurt... Or die.,en,[],[],[],0,0,0,[],[],https://twitter.com/mlkennedy67/status/1356442970581393410,False,https://twitter.com/Julius_Kim/status/1356425370669563905,0,,phoenix,,,,,,[],,,,
1356438116681146371,1356437509681672194,2021-02-01 21:03:43 Hora estándar del Centro,2021-02-01,21:03:43,-0600,1617032035,dinojagger,Dino Jagger III,,@auranism a perfect combo. happy shooting 🎞,en,[],[],[],0,0,1,[],[],https://twitter.com/dinojagger/status/1356438116681146371,False,,0,,phoenix,,,,,,"[{'screen_name': 'auranism', 'name': 'auranism.eth|tez ✰', 'id': '887696605'}]",,,,
1356436823828877312,1356436823828877312,2021-02-01 20:58:34 Hora estándar del Centro,2021-02-01,20:58:34,-0600,836343516,lemonfont,Lemonfont,,My next comic is going to be Die Hard with BE. A woman has to diffuse a hostage situation with  every kill making her boobs bigger. Making her more cumbersome and more of a target.,en,[],[],[],7,5,102,[],[],https://twitter.com/lemonfont/status/1356436823828877312,False,,0,,phoenix,,,,,,[],,,,
1356436195933253632,1356412636305387522,2021-02-01 20:56:05 Hora estándar del Centro,2021-02-01,20:56:05,-0600,261083151,kountry_k,Iso Joe,,@EriPrince11 They wouldn’t win 40 lol. Amare was injured and Lb wasn’t that good yet. His breakout season was the next year.,en,[],[],[],0,0,0,[],[],https://twitter.com/Kountry_K/status/1356436195933253632,False,,0,,phoenix,,,,,,"[{'screen_name': 'EriPrince11', 'name': 'Laker Enthusiast', 'id': '253684603'}]",,,,
1356435960674705417,1356435960674705417,2021-02-01 20:55:09 Hora estándar del Centro,2021-02-01,20:55:09,-0600,1962139794,alliemadethis,AllieCoHolic,,If anyone sees me with a black eye. My dog just punched me when I was trying to cuddle 😂,en,[],[],[],0,0,3,[],[],https://twitter.com/Alliemadethis/status/1356435960674705417,False,,0,,phoenix,,,,,,[],,,,
1356431232142172160,1356431232142172160,2021-02-01 20:36:21 Hora estándar del Centro,2021-02-01,20:36:21,-0600,799595377,ajminnaghi,Amanda June Sahawneh,,Getting hit with the smell of incense when I walked into church had the most calming effects,en,[],[],[],0,0,0,[],[],https://twitter.com/AJMinnaghi/status/1356431232142172160,False,,0,,phoenix,,,,,,[],,,,
1356429236135895041,1356429236135895041,2021-02-01 20:28:25 Hora estándar del Centro,2021-02-01,20:28:25,-0600,2366377076,__bmoney_,Big 🅱️,,oh you don’t wanna talk anymore? awww did I hurt your feelings 😝,en,[],[],[],0,0,0,[],[],https://twitter.com/__bmoney_/status/1356429236135895041,False,,0,,phoenix,,,,,,[],,,,
1356427722537361409,1356427722537361409,2021-02-01 20:22:24 Hora estándar del Centro,2021-02-01,20:22:24,-0600,39962510,mrramirez480,Eddie Ramirez,,I can watch @CP3 hit jumpers all game long 🔥🔥🔥,en,"[{'screen_name': 'cp3', 'name': 'chris paul', 'id': '53853197'}]",[],[],0,0,0,[],[],https://twitter.com/MrRamirez480/status/1356427722537361409,False,,0,,phoenix,,,,,,[],,,,
1356424361096343552,1356424361096343552,2021-02-01 20:09:03 Hora estándar del Centro,2021-02-01,20:09:03,-0600,41531518,davidhansen_1,David,,One 3 pointer with your life on the line who you got taking the shot,en,[],[],[],0,0,0,[],[],https://twitter.com/DavidHansen_1/status/1356424361096343552,False,,0,,phoenix,,,,,,[],,,,
1356419483942834178,1356412339394899970,2021-02-01 19:49:40 Hora estándar del Centro,2021-02-01,19:49:40,-0600,307354440,thejimp19,Big Jim P,,@HooHooKathie Kathie wanting to kick Matt,en,[],[],[],1,0,1,[],[],https://twitter.com/TheJimP19/status/1356419483942834178,False,,0,,phoenix,,,,,,"[{'screen_name': 'HooHooKathie', 'name': 'Kathie Chong', 'id': '1190443011131498496'}]",,,,
1356419000020856834,1356419000020856834,2021-02-01 19:47:45 Hora estándar del Centro,2021-02-01,19:47:45,-0600,877362138603372544,michael_of_mesa,Michael 🇺🇸 Did you say Enema or Sinema?,,Trump has killed the Republican Party. For the time being it's his party. It needs to be cleansed and the demons cast out. I'm a Democrat but I believe in a two party system. Just not a loony tunes second party. Conspiracy theories are not welcome. Stick with facts and reality.,en,[],[],[],0,0,2,[],[],https://twitter.com/Michael_of_Mesa/status/1356419000020856834,False,,0,,phoenix,,,,,,[],,,,
1356417963406987264,1356417963406987264,2021-02-01 19:43:38 Hora estándar del Centro,2021-02-01,19:43:38,-0600,1638869034,alex_coil,Alex Coil,,PG shooting 36% from the floor. Yikes. And this isn’t even against the spread 😳,en,[],[],[],0,0,1,[],[],https://twitter.com/alex_coil/status/1356417963406987264,False,https://twitter.com/HeatCheck_Show/status/1356403667545559040,0,,phoenix,,,,,,[],,,,
1356417087573475329,1356417087573475329,2021-02-01 19:40:09 Hora estándar del Centro,2021-02-01,19:40:09,-0600,21360154,adamsarwar,🐺 AdamSarwar.com 👨🏻‍🚀,"{'type': 'Point', 'coordinates': [33.502632, -111.9951603]}","Ronin’s mug  🐺♥️ @ Arcadia, Arizona  https://t.co/5mkrpG7NZW",ro,[],['https://www.instagram.com/p/CKxY7_mBef4/?igshid=ej0jroz4pi6s'],[],0,0,0,[],[],https://twitter.com/AdamSarwar/status/1356417087573475329,False,,0,,phoenix,,,,,,[],,,,
1356417010763063296,1356417010763063296,2021-02-01 19:39:51 Hora estándar del Centro,2021-02-01,19:39:51,-0600,344496489,tracey359,Traci,,@SpeakerPelosi Why is this psycho still in office?!!! EXPELL HER ASS! She’s threatening to kill people!  https://t.co/jXlOxfrQqa,en,[],[],['https://pbs.twimg.com/media/EtL2FOPUUAA8b96.jpg'],0,0,0,[],[],https://twitter.com/Tracey359/status/1356417010763063296,False,,1,https://pbs.twimg.com/media/EtL2FOPUUAA8b96.jpg,phoenix,,,,,,[],,,,
1356416144719007745,1356317270474063872,2021-02-01 19:36:24 Hora estándar del Centro,2021-02-01,19:36:24,-0600,601701872,kinseyleexoxo,kins,,@simplyivyy My arms get hella sore and hurt so bad 😅,en,[],[],[],1,0,1,[],[],https://twitter.com/kinseyleexoxo/status/1356416144719007745,False,,0,,phoenix,,,,,,"[{'screen_name': 'simplyivyy', 'name': 'ivy✨', 'id': '314868243'}]",,,,
