id,conversation_id,created_at,date,time,timezone,user_id,username,name,place,tweet,language,mentions,urls,photos,replies_count,retweets_count,likes_count,hashtags,cashtags,link,retweet,quote_url,video,thumbnail,near,geo,source,user_rt_id,user_rt,retweet_id,reply_to,retweet_date,translate,trans_src,trans_dest
1356753820924133376,1356450021567250434,2021-02-02 17:58:12 Hora estándar del Centro,2021-02-02,17:58:12,-0600,124219796,ill_texan,Matt McCumber,,"@MrFiscus_TCHS Gonna get you some tempo stats, but it all starts with their transition O and trying to score within the first 7-10 seconds of the shot clock. More shots at the rim. More kick-out opps. O reb chances with D not set. But yes, less standing and dribbling is a very good thing.",en,[],[],[],0,0,1,[],[],https://twitter.com/ILL_Texan/status/1356753820924133376,False,,0,,dallas,,,,,,"[{'screen_name': 'MrFiscus_TCHS', 'name': 'Mr. Steve Fiscus', 'id': '971791483119554560'}]",,,,
1356753463691014152,1356753463691014152,2021-02-02 17:56:47 Hora estándar del Centro,2021-02-02,17:56:47,-0600,15698093,michelehelmink,Michele Helmink 💫,,I WANT MY SHOT!!!!  Why the state of Texas does not recognize teachers as essential workers is absolutely beyond me. So freaking ridiculous.  We have had open buildings since August.  https://t.co/YRJ1DgB8hc,en,[],[],['https://pbs.twimg.com/tweet_video_thumb/EtQoFGjXAAAViHs.jpg'],7,1,32,[],[],https://twitter.com/MicheleHelmink/status/1356753463691014152,False,,1,https://pbs.twimg.com/tweet_video_thumb/EtQoFGjXAAAViHs.jpg,dallas,,,,,,[],,,,
1356753463405854721,1356753463405854721,2021-02-02 17:56:47 Hora estándar del Centro,2021-02-02,17:56:47,-0600,1269730775081062401,whipmandizzie,iSellCars.,,i’m finna call them niggas from criminal minds..cause y’all trippin.,en,[],[],[],0,1,2,[],[],https://twitter.com/WHIPMANDIZZIE/status/1356753463405854721,False,https://twitter.com/NOLAnews/status/1356748332291489792,0,,dallas,,,,,,[],,,,
1356752552168144903,1356751424420519937,2021-02-02 17:53:10 Hora estándar del Centro,2021-02-02,17:53:10,-0600,318177664,nevosorandom,Check ya Six!,,@EmeraldRobbie I was like man mix it up a lil turn it into some razors or the kick!!,en,[],[],[],0,0,0,[],[],https://twitter.com/nevosorandom/status/1356752552168144903,False,,0,,dallas,,,,,,"[{'screen_name': 'EmeraldRobbie', 'name': 'Jade Mista.', 'id': '1203206701878534149'}]",,,,
1356748744226705409,1356748744226705409,2021-02-02 17:38:02 Hora estándar del Centro,2021-02-02,17:38:02,-0600,724755562953461760,ellnsmith,el | רהל אורה,,I’m scared of running the same path everyday cause Jeffrey dauhmer stalked his first victim by figuring out his daily jogging route and I don’t wanna be murdered but also I live in a tiny suburb and there’s not that many options for paths to run so like send help,en,[],[],[],7,0,30,[],[],https://twitter.com/ellnsmith/status/1356748744226705409,False,,0,,dallas,,,,,,[],,,,
1356748679391100928,1356748679391100928,2021-02-02 17:37:46 Hora estándar del Centro,2021-02-02,17:37:46,-0600,71334442,keithxo__,Keith ⚡️,,Real question is can he kill Mikasa and Eren cause she ain’t letting that slide lol,en,[],[],[],1,2,6,[],[],https://twitter.com/keithxo__/status/1356748679391100928,False,https://twitter.com/pollyjade3/status/1356675323748880384,0,,dallas,,,,,,[],,,,
1356748481457750016,1356745206251585538,2021-02-02 17:36:59 Hora estándar del Centro,2021-02-02,17:36:59,-0600,1316389273,hbulldog78,Darrell Herrera,,"@BrendanKutyNJ I had plantar fasciitis &amp; he should have special cleats or one w/arch support insoles. I know he got ""THE"" shot directly in the foot (Ouch, especially when the doc moves that needle North/East/South/West &amp; you look at him like,I am gonna kick your A--.Imagine that look from Voit!",en,[],[],[],0,0,0,[],[],https://twitter.com/hbulldog78/status/1356748481457750016,False,,0,,dallas,,,,,,"[{'screen_name': 'BrendanKutyNJ', 'name': 'Brendan Kuty', 'id': '92792405'}]",,,,
1356739838154846209,1356739838154846209,2021-02-02 17:02:39 Hora estándar del Centro,2021-02-02,17:02:39,-0600,19472645,heyamandabrown,Amanda Brown,,I went to UTSW for my shot and it was a smooth process. Great news!,en,[],[],[],0,0,1,[],[],https://twitter.com/heyamandabrown/status/1356739838154846209,False,https://twitter.com/NBCDFW/status/1356732257222950917,0,,dallas,,,,,,[],,,,
1356732924033433600,1356732924033433600,2021-02-02 16:35:10 Hora estándar del Centro,2021-02-02,16:35:10,-0600,947290512,chwright07,Boss,,Make Dogecoin go Viral !!! Time to make Dogecoin hit a $1.00!!! #buydogecoin #buythedip #ElonDOGE #BigPumpSignal #bussitchallange #BREAKING #DogecoinToTheMoon #dogecointo1dollar,en,[],[],[],0,1,1,"['buydogecoin', 'buythedip', 'elondoge', 'bigpumpsignal', 'bussitchallange', 'breaking', 'dogecointothemoon', 'dogecointo1dollar']",[],https://twitter.com/chwright07/status/1356732924033433600,False,,0,,dallas,,,,,,[],,,,
1356732429969547266,1356732429969547266,2021-02-02 16:33:12 Hora estándar del Centro,2021-02-02,16:33:12,-0600,947290512,chwright07,Boss,,Make Dogecoin go Viral !!! Time to make Dogecoin hit a $1.00!!!,en,[],[],[],0,0,0,[],[],https://twitter.com/chwright07/status/1356732429969547266,False,,0,,dallas,,,,,,[],,,,
1356728512309297153,1356724702635565058,2021-02-02 16:17:38 Hora estándar del Centro,2021-02-02,16:17:38,-0600,206560269,thereisonly1cj,CozyWoodCam,,@Davo214_ Don’t kill my dreams man 😂😂😂  https://t.co/37IXo4V9oq,en,[],[],['https://pbs.twimg.com/tweet_video_thumb/EtQRY4WXIAE0XSg.jpg'],0,0,0,[],[],https://twitter.com/ThereIsOnly1CJ/status/1356728512309297153,False,,1,https://pbs.twimg.com/tweet_video_thumb/EtQRY4WXIAE0XSg.jpg,dallas,,,,,,"[{'screen_name': 'Davo214_', 'name': 'FAM$tar 😈', 'id': '27761217'}]",,,,
1356728247258656770,1356283196904652807,2021-02-02 16:16:35 Hora estándar del Centro,2021-02-02,16:16:35,-0600,14141830,jerrymooty,JerryMooty,,"@CkdTax @Crush3r88 @DanSileoShow @Cowboys @dak Again I love Dak.  But what happened to him is exactly why you sign the long term deal.   Terrible agent advice and hope it works out.   But if I am running a team, I don’t throw around money at market rate on injured player hoping he gets 100%.   Wentz and Goff are disasters.",en,[],[],[],1,0,0,[],[],https://twitter.com/jerrymooty/status/1356728247258656770,False,,0,,dallas,,,,,,"[{'screen_name': 'CkdTax', 'name': 'CKD Tax Services', 'id': '1130141942451441665'}, {'screen_name': 'Crush3r88', 'name': 'Chris', 'id': '760543339494027265'}, {'screen_name': 'DanSileoShow', 'name': 'Dan Sileo', 'id': '165104719'}, {'screen_name': 'Cowboys', 'name': 'NQ CB', 'id': '4617344052'}, {'screen_name': 'dak', 'name': 'Dak Prescott', 'id': '385203914'}]",,,,
1356725765077946369,1356723570634809346,2021-02-02 16:06:43 Hora estándar del Centro,2021-02-02,16:06:43,-0600,41278525,thalassatx,Linda Tom,,"@Chinchillazllla Anita Hill has never claimed that Joe Biden raped her. She accused Clarence Thomas of sexual harassment, and Biden called her in 2019 and apologized for the interrogation she had been put through at that time.",en,[],[],[],1,0,2,[],[],https://twitter.com/Thalassatx/status/1356725765077946369,False,,0,,dallas,,,,,,"[{'screen_name': 'Chinchillazllla', 'name': 'i bless the rains down in castamere', 'id': '30799939'}]",,,,
1356722179208052739,1356714779293978632,2021-02-02 15:52:28 Hora estándar del Centro,2021-02-02,15:52:28,-0600,1281867573714399232,potts_shamyra,BIGGMYRAA😶‍🌫️🤎,,@Belenfloressss Lmaooo don’t be nosey 😂😂😂 nah fam it was a scratch Lmaoo I ain’t actually hit hit the car 😂,en,[],[],[],1,0,1,[],[],https://twitter.com/potts_shamyra/status/1356722179208052739,False,,0,,dallas,,,,,,"[{'screen_name': 'Belenfloressss', 'name': 'Belen F. 🦋', 'id': '1022381262760235008'}]",,,,
1356721739611389952,1356721739611389952,2021-02-02 15:50:44 Hora estándar del Centro,2021-02-02,15:50:44,-0600,165922634,toni_snow_,Toni ☃️,,Finally hit prestige.,en,[],[],[],0,0,0,[],[],https://twitter.com/Toni_Snow_/status/1356721739611389952,False,,0,,dallas,,,,,,[],,,,
1356718360558510084,1356718360558510084,2021-02-02 15:37:18 Hora estándar del Centro,2021-02-02,15:37:18,-0600,1234588284719968259,dianalmiller8,Dianalynn1138 She/Her,,Oh shot I would love this!,en,[],[],[],0,0,1,[],[],https://twitter.com/DianaLMiller8/status/1356718360558510084,False,https://twitter.com/badbadkoba/status/1356651445995663362,0,,dallas,,,,,,[],,,,
1356714774873198592,1356714595046539264,2021-02-02 15:23:03 Hora estándar del Centro,2021-02-02,15:23:03,-0600,96428187,ohthatsat,A.T. The Ambassador | Good Culture,,@Willie_Dutch That tag line just killed me 😂😂😂,en,[],[],[],1,0,0,[],[],https://twitter.com/OhThatsAT/status/1356714774873198592,False,,0,,dallas,,,,,,"[{'screen_name': 'Willie_Dutch', 'name': 'Trill deGrasse Tyson', 'id': '250798803'}]",,,,
1356712483839442946,1356712483839442946,2021-02-02 15:13:57 Hora estándar del Centro,2021-02-02,15:13:57,-0600,834888363425607680,alitweetsxx,mami🤎,,i love getting on a machine after a strong looking man and adding more weights to it just to hurt their ego bc fuck men,en,[],[],[],0,1,2,[],[],https://twitter.com/alitweetsxx/status/1356712483839442946,False,,0,,dallas,,,,,,[],,,,
1356711997010825220,1356711997010825220,2021-02-02 15:12:01 Hora estándar del Centro,2021-02-02,15:12:01,-0600,3100748988,trippy___trash,SBE Billy,,I shot the sheriff.,en,[],[],[],0,0,0,[],[],https://twitter.com/trippy___trash/status/1356711997010825220,False,,0,,dallas,,,,,,[],,,,
1356711156929413124,1356684062052728833,2021-02-02 15:08:40 Hora estándar del Centro,2021-02-02,15:08:40,-0600,41278525,thalassatx,Linda Tom,,@mtgreenee Oh really? Threatening to kill is pretty damned important.  I don't care who people sleep with.,en,[],[],[],0,0,0,[],[],https://twitter.com/Thalassatx/status/1356711156929413124,False,,0,,dallas,,,,,,"[{'screen_name': 'mtgreenee', 'name': 'Marjorie Taylor Greene 🇺🇸', 'id': '826065164504006657'}]",,,,
1356708870656294915,1356708870656294915,2021-02-02 14:59:35 Hora estándar del Centro,2021-02-02,14:59:35,-0600,1437008792,adanramos17,Adan Ramos,,Run it back and hit em with the drum attack #dailypicks,en,[],[],[],0,0,0,['dailypicks'],[],https://twitter.com/AdanRamos17/status/1356708870656294915,False,,0,,dallas,,,,,,[],,,,
1356708018424078348,1356707512494542851,2021-02-02 14:56:12 Hora estándar del Centro,2021-02-02,14:56:12,-0600,372477151,k_fil05,Kellen filby,,"@BrandonRahbar Obviously never want someone to be injured, but yes kind of a win win. More Theo. Also, George Hill can’t hurt his trade stock with bad play and he got hurt playing at a very serviceable level for a contender.",en,[],[],[],0,0,1,[],[],https://twitter.com/K_Fil05/status/1356708018424078348,False,,0,,dallas,,,,,,"[{'screen_name': 'BrandonRahbar', 'name': 'Brandon Rahbar', 'id': '2387950933'}]",,,,
1356705852493807617,1356701832815468545,2021-02-02 14:47:36 Hora estándar del Centro,2021-02-02,14:47:36,-0600,595762932,heyyesica,Yesica,,@garrettphaynes One extra trip won’t hurt 🙄😂 jkjkjk I’ll wait until you come back,en,[],[],[],0,0,1,[],[],https://twitter.com/HeyYesica/status/1356705852493807617,False,,0,,dallas,,,,,,"[{'screen_name': 'garrettphaynes', 'name': 'Garrett Haynes', 'id': '854531958579351555'}]",,,,
1356703556481527809,1356703556481527809,2021-02-02 14:38:28 Hora estándar del Centro,2021-02-02,14:38:28,-0600,269628488,cobenotkobe,$lutOut Ma$tero,,@silky_27 STOP SHOOTING!!! Gah damn,en,[],[],[],0,0,0,[],[],https://twitter.com/CobeNotKobe/status/1356703556481527809,False,,0,,dallas,,,,,,[],,,,
1356703267166814209,1356652406847791105,2021-02-02 14:37:19 Hora estándar del Centro,2021-02-02,14:37:19,-0600,26523854,jayray566,Jay Ray,,"@0xCrypt0 @DailyCaller No, not all the times. I’ve seen her go on the attack.",en,[],[],[],0,0,0,[],[],https://twitter.com/JayRay566/status/1356703267166814209,False,,0,,dallas,,,,,,"[{'screen_name': '0xCrypt0', 'name': 'Crypto Dude', 'id': '795338515060051968'}, {'screen_name': 'DailyCaller', 'name': 'Daily Caller', 'id': '39308549'}]",,,,
1356702903248027649,1356652406847791105,2021-02-02 14:35:53 Hora estándar del Centro,2021-02-02,14:35:53,-0600,26523854,jayray566,Jay Ray,,@randypbr @DailyCaller What else besides sexual assault?,en,[],[],[],0,0,0,[],[],https://twitter.com/JayRay566/status/1356702903248027649,False,,0,,dallas,,,,,,"[{'screen_name': 'randypbr', 'name': 'Paul Randell', 'id': '31479364'}, {'screen_name': 'DailyCaller', 'name': 'Daily Caller', 'id': '39308549'}]",,,,
1356699622576697344,1356699622576697344,2021-02-02 14:22:50 Hora estándar del Centro,2021-02-02,14:22:50,-0600,834151652,raelynduncan,r a e l y n (taylor’s version),,not me having a heart attack from getting an email from the graduate school office &amp; it just being an update on where my application is 🙄🙄,en,[],[],[],1,0,1,[],[],https://twitter.com/raelynduncan/status/1356699622576697344,False,,0,,dallas,,,,,,[],,,,
1356698453091434500,1356284327143694337,2021-02-02 14:18:12 Hora estándar del Centro,2021-02-02,14:18:12,-0600,539132671,perfections73,J.K.A,,@grantcohn Kyle and John better stop BS’in and get us a legit QB and stop playing! The rest of the NFC West has upgraded to kick our ass every season💯,en,[],[],[],0,0,0,[],[],https://twitter.com/Perfections73/status/1356698453091434500,False,,0,,dallas,,,,,,"[{'screen_name': 'grantcohn', 'name': 'Grant Cohn', 'id': '194352411'}]",,,,
1356696076997263362,1356696076997263362,2021-02-02 14:08:45 Hora estándar del Centro,2021-02-02,14:08:45,-0600,775470929576988672,0537_oasm_luke,Luke - ASM 537,,Congrats to Roger G. Hit the bronze level!! Outstanding service @537  https://t.co/4prerjc6W5,en,"[{'screen_name': '537', 'name': 'الحساب للبيع💯', 'id': '12257452'}]",[],['https://pbs.twimg.com/media/EtPz0lYXYAMzBwH.jpg'],0,0,5,[],[],https://twitter.com/0537_OASM_luke/status/1356696076997263362,False,,1,https://pbs.twimg.com/media/EtPz0lYXYAMzBwH.jpg,dallas,,,,,,[],,,,
1356695342675333123,1356613366039654404,2021-02-02 14:05:50 Hora estándar del Centro,2021-02-02,14:05:50,-0600,393771226,constancejackso,Constance Jackson,,"@thomaskaine5 Lenningrad, Is SO FULL OF IT. Trump DESERVES IMPEACHMENT, He PLANNED VIOLENT OVERTHROW Of Our Democracy@Mtg 1-5-21@His Residence In NYC, W/Daniel Beck, KNOWN RWNJ. RIOT@CAPITOL, WAS PLANNED BY TRUMP. Hes Responsible For 5Dead. IMPEACH TRUMP &amp; Confirm Garland. It's Right U Know It",en,[],[],[],0,0,0,[],[],https://twitter.com/ConstanceJackso/status/1356695342675333123,False,,0,,dallas,,,,,,"[{'screen_name': 'thomaskaine5', 'name': 'Thomas Kaine', 'id': '860654500431880192'}]",,,,
1356694577495896064,1356692686128963588,2021-02-02 14:02:48 Hora estándar del Centro,2021-02-02,14:02:48,-0600,1252291763471036416,kese1of1,Kese,,"I say ""wassup"" He looked dumbfounded and confused like ""oh shit he not scared"" Tired of waiting I got to swinging, that nigga hit the floor then tried to grab my ankles",en,[],[],[],1,0,0,[],[],https://twitter.com/Kese1of1/status/1356694577495896064,False,,0,,dallas,,,,,,[],,,,
1356693818712739840,1356690614901907456,2021-02-02 13:59:47 Hora estándar del Centro,2021-02-02,13:59:47,-0600,1403729396,lchsmrfleming,LCHS Mr. Fleming,,@whoisheartbreak Will that range violation hurt the attempt?,en,[],[],[],0,0,0,[],[],https://twitter.com/LCHSMrFleming/status/1356693818712739840,False,,0,,dallas,,,,,,"[{'screen_name': 'whoisheartbreak', 'name': 'Jessie Anderson', 'id': '184947370'}]",,,,
1356684673527799815,1356283196904652807,2021-02-02 13:23:26 Hora estándar del Centro,2021-02-02,13:23:26,-0600,14141830,jerrymooty,JerryMooty,,"@CkdTax @Crush3r88 @DanSileoShow @Cowboys @dak Terrible injury.   Why would you pay market or above??   His cost is 37m this year so unless a savings on long term deal there is nothing to negotiate.    His agent gave terrible advice last year and he got hurt.   Happens again, bye bye guaranteed $.",en,[],[],[],1,0,0,[],[],https://twitter.com/jerrymooty/status/1356684673527799815,False,,0,,dallas,,,,,,"[{'screen_name': 'CkdTax', 'name': 'CKD Tax Services', 'id': '1130141942451441665'}, {'screen_name': 'Crush3r88', 'name': 'Chris', 'id': '760543339494027265'}, {'screen_name': 'DanSileoShow', 'name': 'Dan Sileo', 'id': '165104719'}, {'screen_name': 'Cowboys', 'name': 'NQ CB', 'id': '4617344052'}, {'screen_name': 'dak', 'name': 'Dak Prescott', 'id': '385203914'}]",,,,
1356682305209835527,1356682305209835527,2021-02-02 13:14:02 Hora estándar del Centro,2021-02-02,13:14:02,-0600,147094732,_princealonso,Im Tide Boss 🤒,,Think I’m finna hit 2 a Days on Tuesdays &amp; Thursday’s starting next week.,en,[],[],[],0,2,0,[],[],https://twitter.com/_PrinceAlonso/status/1356682305209835527,False,,0,,dallas,,,,,,[],,,,
1356682294417895425,1356682294417895425,2021-02-02 13:13:59 Hora estándar del Centro,2021-02-02,13:13:59,-0600,1140684540681314304,yungapexx2,🥱Yo Chris,,Bro y nobody told me akame ga kill was this fye but ngl I hate they keep killing off main people,en,[],[],[],1,0,0,[],[],https://twitter.com/yungapexX2/status/1356682294417895425,False,,0,,dallas,,,,,,[],,,,
1356681217446465542,1356681217446465542,2021-02-02 13:09:42 Hora estándar del Centro,2021-02-02,13:09:42,-0600,78728861,arlingtonpd,"Arlington Police, TX",,"On behalf of the men and women of our department, we extend our deepest condolences to the families of @FBI Special Agents Alfin &amp; Schwartzenberger and @FBIMiamiFL. Our prayers are also with the wounded agents for their recovery.  https://t.co/YzHhaw0CHn",en,"[{'screen_name': 'fbi', 'name': 'fbi', 'id': '17629860'}, {'screen_name': 'fbimiamifl', 'name': 'fbi miami', 'id': '347505959'}]",[],"['https://pbs.twimg.com/media/EtPmX9_WQAEc0wQ.jpg', 'https://pbs.twimg.com/media/EtPmX9-WgAMzOem.jpg']",2,8,61,[],[],https://twitter.com/ArlingtonPD/status/1356681217446465542,False,,1,https://pbs.twimg.com/media/EtPmX9_WQAEc0wQ.jpg,dallas,,,,,,[],,,,
1356676157811392513,1356675887727603713,2021-02-02 12:49:36 Hora estándar del Centro,2021-02-02,12:49:36,-0600,16392266,dmburrows,David M Burrows,,@TomiLahren @RepMaxineWaters @SarahHuckabee @SecNielsen Sarah felt uncomfortable because she couldn’t finish brunch. You guys killed people and tried to overthrow the government,en,[],[],[],20,6,162,[],[],https://twitter.com/dmburrows/status/1356676157811392513,False,,0,,dallas,,,,,,"[{'screen_name': 'TomiLahren', 'name': 'Tomi Lahren', 'id': '468646961'}, {'screen_name': 'RepMaxineWaters', 'name': 'Maxine Waters', 'id': '36686040'}, {'screen_name': 'SarahHuckabee', 'name': 'Sarah Huckabee Sanders', 'id': '5509762'}, {'screen_name': 'SecNielsen', 'name': 'Secretary Kirstjen M. Nielsen', 'id': '935148134505828353'}]",,,,
1356670217800318978,1356670217800318978,2021-02-02 12:26:00 Hora estándar del Centro,2021-02-02,12:26:00,-0600,3873650953,247texasnews,Paul Chambers,,People are out there every day risking their lives for us. Just thinking about the two FBI agents killed this morning in Florida.,en,[],[],[],0,1,0,[],[],https://twitter.com/247TexasNews/status/1356670217800318978,False,,0,,dallas,,,,,,[],,,,
1356669006313385985,1356669006313385985,2021-02-02 12:21:11 Hora estándar del Centro,2021-02-02,12:21:11,-0600,609662085,juhhrome_,Phaedra Parks 👩🏾‍💼,,I will be retweeting white violence this month.,en,[],[],[],2,0,1,[],[],https://twitter.com/juhhrome_/status/1356669006313385985,False,,0,,dallas,,,,,,[],,,,
1356668455857119236,1356668455857119236,2021-02-02 12:19:00 Hora estándar del Centro,2021-02-02,12:19:00,-0600,33189500,ruthellaowens,RUTH ELLA OWENS,,"The NRA and other gun nuts like Texas Governor Abbott, who lamented having fewer guns than California, push the most lethal assault rifles and conspiracy theories, to boot. In Florida, blame Marco Rubio for his refusal to make life safer.",en,[],[],[],0,0,0,[],[],https://twitter.com/ruthellaowens/status/1356668455857119236,False,https://twitter.com/shannonrwatts/status/1356638856766844929,0,,dallas,,,,,,[],,,,
1356668386445508614,1356668386445508614,2021-02-02 12:18:43 Hora estándar del Centro,2021-02-02,12:18:43,-0600,49507491,trevoypointer,“TP” - Wealth is for Sale 🧱 x 🧱,,A lot of people are showing you how to take home runs with every hit.   The term “you must take risks to become wealthy” comes to mind.   Ppl should ask themselves “what kind of risks should I be taking based on my risk tolerance” and/or “have you thought about risk tolerance”,en,[],[],[],1,0,0,[],[],https://twitter.com/trevoypointer/status/1356668386445508614,False,,0,,dallas,,,,,,[],,,,
1356668176893894657,1356668176893894657,2021-02-02 12:17:53 Hora estándar del Centro,2021-02-02,12:17:53,-0600,842608868,jenxx_,Wai🌙,,"My lil niece woke up and chose violence, I’m following her steps for today",en,[],[],[],0,0,1,[],[],https://twitter.com/jenxx_/status/1356668176893894657,False,,0,,dallas,,,,,,[],,,,
1356663999350394883,1356663999350394883,2021-02-02 12:01:17 Hora estándar del Centro,2021-02-02,12:01:17,-0600,432957947,yo_adriann,Adrian Abdul-Mateen,,"Please, nobody offer me a shot this weekend unless you plan to carry me home. Let me sip my White Claw in peace. You know how they say the bar is so low, it’s in hell? Well my tolerance is in hell 🙃",en,[],[],[],2,0,5,[],[],https://twitter.com/yo_adriann/status/1356663999350394883,False,,0,,dallas,,,,,,[],,,,
1356663606876778500,1356663606876778500,2021-02-02 11:59:44 Hora estándar del Centro,2021-02-02,11:59:44,-0600,23896893,misssneed,D. ❤️‍🔥,,i got a free alexa device and i don’t use that mug for nothin else except my wake up alarm and playing music. idek half the shit it can do 😩,en,[],[],[],0,0,0,[],[],https://twitter.com/MissSneed/status/1356663606876778500,False,,0,,dallas,,,,,,[],,,,
1356663377666465794,1356663377666465794,2021-02-02 11:58:49 Hora estándar del Centro,2021-02-02,11:58:49,-0600,144679380,bia_apricitas,Jungle Julia,,"Yesterday the sun reflecting its rainbows , this bird flew in my shot which was divine timing at its best. Thank you for everyday 💛✨  https://t.co/SrKv02PI0o",en,[],[],"['https://pbs.twimg.com/media/EtPWJorWQAEgjUq.jpg', 'https://pbs.twimg.com/media/EtPWJosXcAE987p.jpg']",1,0,6,[],[],https://twitter.com/Bia_apricitas/status/1356663377666465794,False,,1,https://pbs.twimg.com/media/EtPWJorWQAEgjUq.jpg,dallas,,,,,,[],,,,
1356662734042124290,1356643033664679937,2021-02-02 11:56:16 Hora estándar del Centro,2021-02-02,11:56:16,-0600,27651900,stevetlewis,Steve Lewis,,@byarsparenting5 @solar_soccer @esd_wsoccer @treasurebyars @USYNT @Bplwilliams @charles_byars Way to go Treasure- go kick some butt!!,en,[],[],[],0,0,1,[],[],https://twitter.com/stevetlewis/status/1356662734042124290,False,,0,,dallas,,,,,,"[{'screen_name': 'byarsparenting5', 'name': 'A. Byars', 'id': '2353279225'}, {'screen_name': 'solar_soccer', 'name': 'Solar Soccer Club', 'id': '781980052338515968'}, {'screen_name': 'esd_wsoccer', 'name': 'ESD Women’s Varsity Soccer', 'id': '1067106315137368064'}, {'screen_name': 'treasurebyars', 'name': 'Treasure Byars', 'id': '4837489634'}, {'screen_name': 'USYNT', 'name': 'U.S. Soccer YNT', 'id': '247033343'}, {'screen_name': 'Bplwilliams', 'name': 'Ben Williams', 'id': '1139249660453933056'}, {'screen_name': 'charles_byars', 'name': 'Charles Byars', 'id': '1223628006163468288'}]",,,,
1356653608469749761,1356653608469749761,2021-02-02 11:20:00 Hora estándar del Centro,2021-02-02,11:20:00,-0600,842608868,jenxx_,Wai🌙,,So mfs that get hurt by that Are Not my type of Quality ppl ...   #bookedandbusybitxh,en,[],[],[],0,0,0,['bookedandbusybitxh'],[],https://twitter.com/jenxx_/status/1356653608469749761,False,https://twitter.com/jenxx_/status/1356653362717085711,0,,dallas,,,,,,[],,,,
1356651140931330049,1356651140931330049,2021-02-02 11:10:12 Hora estándar del Centro,2021-02-02,11:10:12,-0600,23896893,misssneed,D. ❤️‍🔥,,what the hell was the season 14 finale of criminal minds???????,en,[],[],[],0,0,0,[],[],https://twitter.com/MissSneed/status/1356651140931330049,False,,0,,dallas,,,,,,[],,,,
1356647815598997506,1356647815598997506,2021-02-02 10:56:59 Hora estándar del Centro,2021-02-02,10:56:59,-0600,22340346,kendallscudder,Kendall Scudder,,"I don’t want your guns— I’ve got my own and I probably shoot em better than you do. If you’re worried that a universal background check is going to take away your guns, you should be more focused on getting your “violent crime” situation under control than the 2A, dude.",en,[],[],[],5,16,90,[],[],https://twitter.com/KendallScudder/status/1356647815598997506,False,https://twitter.com/scottbraddock/status/1356412767352332292,0,,dallas,,,,,,[],,,,
1356646286431289347,1356646286431289347,2021-02-02 10:50:54 Hora estándar del Centro,2021-02-02,10:50:54,-0600,135286148,ohsomichele,DJ So Luxe,,Check out my kid’s video!! Definitely for gamers!! Also subscribe!!  Murder at the park / NBA 2K21  https://t.co/NshNBUIJUm via @YouTube,en,"[{'screen_name': 'youtube', 'name': 'youtube', 'id': '10228272'}]",['https://youtu.be/DnGwSAYUPmI'],[],0,0,0,[],[],https://twitter.com/OhSoMichele/status/1356646286431289347,False,,0,,dallas,,,,,,[],,,,
1356642946037252098,1356642946037252098,2021-02-02 10:37:38 Hora estándar del Centro,2021-02-02,10:37:38,-0600,139783387,ksbrg,mmmmk,,this shot is Dino-mite!  📸 by @chris_granger  https://t.co/xkAMZOlB6x,en,"[{'screen_name': 'chris_granger', 'name': 'chris granger', 'id': '19800461'}]",[],['https://pbs.twimg.com/media/EtPDkVcXAAAGQxy.jpg'],0,0,3,[],[],https://twitter.com/ksbrg/status/1356642946037252098,False,,1,https://pbs.twimg.com/media/EtPDkVcXAAAGQxy.jpg,dallas,,,,,,[],,,,
1356640820389117957,1356473313174896640,2021-02-02 10:29:11 Hora estándar del Centro,2021-02-02,10:29:11,-0600,96428187,ohthatsat,A.T. The Ambassador | Good Culture,,"@Whoisjo_jazz It was so convenient. Only thing that sucked was having to hit the tollway to downtown and drive back late nights after events. Other than that, it was lovely!",en,[],[],[],1,0,0,[],[],https://twitter.com/OhThatsAT/status/1356640820389117957,False,,0,,dallas,,,,,,"[{'screen_name': 'Whoisjo_jazz', 'name': 'lil ole cupcake 💁🏾\u200d♀️', 'id': '100394108'}]",,,,
1356639691487985671,1356639691487985671,2021-02-02 10:24:42 Hora estándar del Centro,2021-02-02,10:24:42,-0600,707645323921915904,dnicebasketbal1,D-NICE Basketball- Preacher- Coach-Keep Dreaming!,,"The Good Shepherd John 10:10, 11 The thief cometh not, but for to steal, and to kill, and to destroy: I am come that they might have life, and that they might have it more abundantly. I am the good shepherd: the good shepherd giveth his life for the sheep.",en,[],[],[],0,0,1,[],[],https://twitter.com/dnicebasketbal1/status/1356639691487985671,False,,0,,dallas,,,,,,[],,,,
1356639489981116419,1356639489981116419,2021-02-02 10:23:54 Hora estándar del Centro,2021-02-02,10:23:54,-0600,2836709916,senseimateo98,blue eyes white dragon,,woke up with a bloody ear lmao I forgot I took a hard ass hit yesterday 🤣,en,[],[],[],0,0,0,[],[],https://twitter.com/Senseimateo98/status/1356639489981116419,False,,0,,dallas,,,,,,[],,,,
1356638903516745741,1356638903516745741,2021-02-02 10:21:34 Hora estándar del Centro,2021-02-02,10:21:34,-0600,527787183,bigmacdao,Matius Dao but its pronounced Crab Ragoon,,Oof rent hit a little harder then usual 🥴,en,[],[],[],0,0,11,[],[],https://twitter.com/bigmacdao/status/1356638903516745741,False,,0,,dallas,,,,,,[],,,,
1356637421396492293,1356637421396492293,2021-02-02 10:15:41 Hora estándar del Centro,2021-02-02,10:15:41,-0600,856003919515877376,nicole_mcheinz,Nicole McGrath🚶🏻‍♀️🚲🚌,,I’ve signed and you should too. Let’s make ending traffic violence a national priority.,en,[],[],[],0,0,1,[],[],https://twitter.com/nicole_mcheinz/status/1356637421396492293,False,https://twitter.com/DuBarryPie/status/1356621592294526980,0,,dallas,,,,,,[],,,,
1356636601171013633,1356636601171013633,2021-02-02 10:12:25 Hora estándar del Centro,2021-02-02,10:12:25,-0600,856003919515877376,nicole_mcheinz,Nicole McGrath🚶🏻‍♀️🚲🚌,,"Traffic violence is a public health crisis that has been ignored at the federal level for far too long.   @POTUS @JoeBiden  @VP, with @PeteButtigieg leading the USDOT, have an opportunity to change that. #VisionZero #RoadToZero",en,"[{'screen_name': 'potus', 'name': 'president biden', 'id': '1349149096909668363'}, {'screen_name': 'joebiden', 'name': 'joe biden', 'id': '939091'}, {'screen_name': 'vp', 'name': 'vice president kamala harris', 'id': '803694179079458816'}, {'screen_name': 'petebuttigieg', 'name': 'pete buttigieg', 'id': '226222147'}]",[],[],0,0,3,"['visionzero', 'roadtozero']",[],https://twitter.com/nicole_mcheinz/status/1356636601171013633,False,https://twitter.com/DuBarryPie/status/1356621590780276736,0,,dallas,,,,,,[],,,,
1356636027402784776,1356636027402784776,2021-02-02 10:10:08 Hora estándar del Centro,2021-02-02,10:10:08,-0600,23896893,misssneed,D. ❤️‍🔥,,wait. criminal minds just took a weird turn,en,[],[],[],1,0,0,[],[],https://twitter.com/MissSneed/status/1356636027402784776,False,,0,,dallas,,,,,,[],,,,
1356634355066671107,1356634355066671107,2021-02-02 10:03:29 Hora estándar del Centro,2021-02-02,10:03:29,-0600,1491381228,the_worldisurs,:)Buttnugget(:,,I'd like to say I killed my workout this morning. I feel good.,en,[],[],[],0,0,0,[],[],https://twitter.com/The_WorldIsUrs/status/1356634355066671107,False,,0,,dallas,,,,,,[],,,,
1356633659026124800,1356633659026124800,2021-02-02 10:00:44 Hora estándar del Centro,2021-02-02,10:00:44,-0600,1235930646297501697,gumbeauxstjames,Gumbeaux Abdul-Mateen 2,,***me shooting my shot***  https://t.co/eVxlYDgHKy,en,[],[],[],1,0,4,[],[],https://twitter.com/GumbeauxStJames/status/1356633659026124800,False,https://twitter.com/JustPlainCamm/status/1356632885076312071,1,https://pbs.twimg.com/ext_tw_video_thumb/1356633651748999172/pu/img/FHIE3im1hftWZD9t.jpg,dallas,,,,,,[],,,,
1356630164160057346,1356630164160057346,2021-02-02 09:46:50 Hora estándar del Centro,2021-02-02,09:46:50,-0600,1294457981057282048,hintzkanen,miro “it hasnt gotten boring” heiskanen,,"My heart breaks for every single victim of sexual assault, please remember that you’re not alone.   Take care of yourself, and others, today and every day.   #MeToo",en,[],[],[],0,5,20,['metoo'],[],https://twitter.com/hintzkanen/status/1356630164160057346,False,,0,,dallas,,,,,,[],,,,
1356628865075073025,1356628865075073025,2021-02-02 09:41:41 Hora estándar del Centro,2021-02-02,09:41:41,-0600,1269730775081062401,whipmandizzie,iSellCars.,,"i left the red beans in the counter im so hurt ,",en,[],[],[],0,0,0,[],[],https://twitter.com/WHIPMANDIZZIE/status/1356628865075073025,False,,0,,dallas,,,,,,[],,,,
1356625270502027266,1356625270502027266,2021-02-02 09:27:24 Hora estándar del Centro,2021-02-02,09:27:24,-0600,2685423259,cisd_khan,Sabrina Khan,,Hey @Coppellisd! Join us tonight as kick off the #CISDLearns chat series with Under the Big Top: Flying High with Assessment! 🎪 Who is joining us? @KristanPerryman @cooksbooknook @klynnkap  @mrs_finger_  @CarrieBoyleCISD,en,"[{'screen_name': 'coppellisd', 'name': 'coppell isd', 'id': '55345974'}, {'screen_name': 'kristanperryman', 'name': 'kristan perryman', 'id': '2712325928'}, {'screen_name': 'cooksbooknook', 'name': 'b cook', 'id': '373676000'}, {'screen_name': 'klynnkap', 'name': 'kristy kaprelian', 'id': '298518682'}, {'screen_name': 'mrs_finger_', 'name': 'heather finger', 'id': '760929185078521856'}, {'screen_name': 'carrieboylecisd', 'name': 'carrie boyle', 'id': '3395423832'}]",[],[],1,1,6,['cisdlearns'],[],https://twitter.com/cisd_khan/status/1356625270502027266,False,,0,,dallas,,,,,,[],,,,
1356624037724762116,1356624037724762116,2021-02-02 09:22:30 Hora estándar del Centro,2021-02-02,09:22:30,-0600,136480743,vancarlito2003,Dr. Frederick V. Engram Jr.,,"They really live be ganging. Sir, if you don’t move I’ll hit you and your crew with my sports-coat and watch you all faint.",en,[],[],[],0,0,0,[],[],https://twitter.com/VanCarlito2003/status/1356624037724762116,False,https://twitter.com/MrsBundrige/status/1356358541632802817,0,,dallas,,,,,,[],,,,
1356621377038671885,1356621377038671885,2021-02-02 09:11:55 Hora estándar del Centro,2021-02-02,09:11:55,-0600,701565453009719297,jjphssoccer,JJP Soccer,,#Magnifico This was a free kick taken by Senior #7 Gabe Rodriguez vs Lewisville before district. Literally came up with it that night!!!  https://t.co/0xfTiPEEYP,en,[],[],[],0,1,8,['magnifico'],[],https://twitter.com/JJPHSSoccer/status/1356621377038671885,False,,1,https://pbs.twimg.com/ext_tw_video_thumb/1356621337796689921/pu/img/JyZU0_5pt-54AXCC.jpg,dallas,,,,,,[],,,,
1356620405407121409,1356605819161358337,2021-02-02 09:08:04 Hora estándar del Centro,2021-02-02,09:08:04,-0600,491046694,yomerengues597,Giovanni Trejo,,@FillWerrell It was all good until “I did not have sexual relations with that woman” came on,en,[],[],[],1,0,3,[],[],https://twitter.com/yomerengues597/status/1356620405407121409,False,,0,,dallas,,,,,,"[{'screen_name': 'FillWerrell', 'name': 'Fill Werrell', 'id': '386189099'}]",,,,
1356619696301371393,1356619696301371393,2021-02-02 09:05:15 Hora estándar del Centro,2021-02-02,09:05:15,-0600,1159438243,hollow_raven,Lady Z Azarael They/Them🦄🏳️‍🌈😈,,My brain meatses hurt right now,en,[],[],[],0,0,0,[],[],https://twitter.com/Hollow_Raven/status/1356619696301371393,False,https://twitter.com/clarkewolfe/status/1356410810051002377,0,,dallas,,,,,,[],,,,
1356619544505294854,1356619544505294854,2021-02-02 09:04:38 Hora estándar del Centro,2021-02-02,09:04:38,-0600,2611833066,survivoriv,SurvivorIV,,Just reloaded the $BB gun. 300 shares total. Walking away for the rest of the day.,en,[],[],[],0,0,1,[],['bb'],https://twitter.com/SurvivorIV/status/1356619544505294854,False,,0,,dallas,,,,,,[],,,,
1356618350743412740,1356618350743412740,2021-02-02 08:59:54 Hora estándar del Centro,2021-02-02,08:59:54,-0600,1173953849046028288,zayhardaway,💤ayLa💤y😈,,I wake up and told myself I’d be a better person but instead I chose violence 😂,en,[],[],[],1,0,0,[],[],https://twitter.com/zayhardaway/status/1356618350743412740,False,,0,,dallas,,,,,,[],,,,
1356617627263713282,1355884188357042179,2021-02-02 08:57:01 Hora estándar del Centro,2021-02-02,08:57:01,-0600,1200127037110996992,fiestyfaith,Faith Noster,,@a_rose1983 @Karlynm20 @nataleebfitness Confident women don’t get harassed? Confident women don’t get sexually assaulted? Confident women don’t get raped? Shut up dude.,en,[],[],[],1,0,5,[],[],https://twitter.com/fiestyfaith/status/1356617627263713282,False,,0,,dallas,,,,,,"[{'screen_name': 'a_rose1983', 'name': 'Anthony', 'id': '980012471082725377'}, {'screen_name': 'Karlynm20', 'name': 'Karly(n)', 'id': '1013752439428837376'}, {'screen_name': 'nataleebfitness', 'name': 'nataleebfitness', 'id': '998329708822622209'}]",,,,
1356617546892517379,1356617546892517379,2021-02-02 08:56:42 Hora estándar del Centro,2021-02-02,08:56:42,-0600,49507491,trevoypointer,“TP” - Wealth is for Sale 🧱 x 🧱,,"The online life insurance companies hit you with the “shiny object concept”.   $200k for $13/mo. 😂  You would need to be as healthy as a damn kangaroo 🦘 and run a 4.4 sprint!   If you have to grab a picky from the internet, by all means but grab an agent to speak to you.",en,[],[],[],1,0,0,[],[],https://twitter.com/trevoypointer/status/1356617546892517379,False,,0,,dallas,,,,,,[],,,,
1356614774868611075,1356614774868611075,2021-02-02 08:45:41 Hora estándar del Centro,2021-02-02,08:45:41,-0600,969066482796658689,msrachaelcarter,Miss.Texas Carter,,@junior_miller is like the cool PTA mom that everyone likes and gets along with;  But then that one time his baby chick gets hurt... He's walking accross radio row like:  https://t.co/AmEck7pVFQ,en,[],[],['https://pbs.twimg.com/tweet_video_thumb/EtOp8acXYAM57wp.jpg'],0,0,5,[],[],https://twitter.com/MsRachaelCarter/status/1356614774868611075,False,,1,https://pbs.twimg.com/tweet_video_thumb/EtOp8acXYAM57wp.jpg,dallas,,,,,,[],,,,
1356612549400276995,1356611888583442433,2021-02-02 08:36:51 Hora estándar del Centro,2021-02-02,08:36:51,-0600,23097227,adamgordon1977,Adam Gordon,,@CrownAndJoke Nice shot. Have a great Tuesday.,en,[],[],[],0,0,1,[],[],https://twitter.com/AdamGordon1977/status/1356612549400276995,False,,0,,dallas,,,,,,"[{'screen_name': 'CrownAndJoke', 'name': '𝔹𝕚𝕘 𝕂', 'id': '1075228178'}]",,,,
1356610740052983814,1356458365124280320,2021-02-02 08:29:39 Hora estándar del Centro,2021-02-02,08:29:39,-0600,31057586,pr_hawkins,PRHawkins,,@justinbaragona Poc have witnessed white mob violence and know  it could end in death. The fact that you weren't scared enough is a testament to your privilege even if you don't recognize it,en,[],[],[],0,0,0,[],[],https://twitter.com/PR_Hawkins/status/1356610740052983814,False,,0,,dallas,,,,,,"[{'screen_name': 'justinbaragona', 'name': 'Justin Baragona', 'id': '143500773'}]",,,,
1356607031248044032,1356607031248044032,2021-02-02 08:14:55 Hora estándar del Centro,2021-02-02,08:14:55,-0600,3239259888,epstein_rachel,furious george,,Right now id kill for a significant other to run to,en,[],[],[],1,0,0,[],[],https://twitter.com/epstein_rachel/status/1356607031248044032,False,,0,,dallas,,,,,,[],,,,
1356606445794566148,1356606445794566148,2021-02-02 08:12:35 Hora estándar del Centro,2021-02-02,08:12:35,-0600,2333551968,bryankaeser,Bryan Kaeser,,#sunrisegratitude shot for the day. Going to work on giving things time today.  https://t.co/pyOf5bX9En,en,[],[],['https://pbs.twimg.com/media/EtOiXghXcB0jejK.jpg'],0,0,7,['sunrisegratitude'],[],https://twitter.com/BryanKaeser/status/1356606445794566148,False,,1,https://pbs.twimg.com/media/EtOiXghXcB0jejK.jpg,dallas,,,,,,[],,,,
1356601833180061696,1356601833180061696,2021-02-02 07:54:16 Hora estándar del Centro,2021-02-02,07:54:16,-0600,1155896155361959936,bigreeves100,🦅🎒,,World don’t eva stop you can be hurtin mind gone soul hurt still gotta pay dem bills time still going,en,[],[],[],0,1,3,[],[],https://twitter.com/BigReeves100/status/1356601833180061696,False,,0,,dallas,,,,,,[],,,,
1356596559723388932,1356596559723388932,2021-02-02 07:33:18 Hora estándar del Centro,2021-02-02,07:33:18,-0600,569459064,howlgrowlsnarl,C. Derick Miller,"{'type': 'Point', 'coordinates': [32.7490738, -96.8281498]}",Satan's coffee mug! Magma for at least 90 minutes. Damn the devil! @ Bishop Arts District  https://t.co/jJ1Bk69oCL,en,[],['https://www.instagram.com/p/CKyqjPWjWAd/?igshid=2p71hils3f2u'],[],0,0,0,[],[],https://twitter.com/howlgrowlsnarl/status/1356596559723388932,False,,0,,dallas,,,,,,[],,,,
1356596394388250624,1356596394388250624,2021-02-02 07:32:39 Hora estándar del Centro,2021-02-02,07:32:39,-0600,3290400769,theghettotaku,Brandon James Tyner,,Damn you attack on titan. Damn you all to heck!!,en,[],[],[],0,0,2,[],[],https://twitter.com/theghettotaku/status/1356596394388250624,False,,0,,dallas,,,,,,[],,,,
1356585107814027271,1356585107814027271,2021-02-02 06:47:48 Hora estándar del Centro,2021-02-02,06:47:48,-0600,46790414,trent_phd,El Toro Fuerte,,Soon as I heard “he has an issue w/ Lebron” that led me to believe that this man and his “beneficiary” came in the game to choose violence.,en,[],[],[],0,1,4,[],[],https://twitter.com/Trent_PhD/status/1356585107814027271,False,,0,,dallas,,,,,,[],,,,
1356583170716688384,1356581202086551552,2021-02-02 06:40:06 Hora estándar del Centro,2021-02-02,06:40:06,-0600,338343408,soicysnow_,Female Cartman 🥶,,@theSydDanielle I got injured 2 months ago working at my last job &amp; they been hoe’n,en,[],[],[],1,0,0,[],[],https://twitter.com/soicysnow_/status/1356583170716688384,False,,0,,dallas,,,,,,"[{'screen_name': 'theSydDanielle', 'name': 'Candle Bae 💕', 'id': '1245159168362905601'}]",,,,
1356579861809278977,1356579861809278977,2021-02-02 06:26:57 Hora estándar del Centro,2021-02-02,06:26:57,-0600,338343408,soicysnow_,Female Cartman 🥶,,I woke up &amp; chose violence today,en,[],[],[],0,0,0,[],[],https://twitter.com/soicysnow_/status/1356579861809278977,False,,0,,dallas,,,,,,[],,,,
1356529533646684163,1356519747706384385,2021-02-02 03:06:58 Hora estándar del Centro,2021-02-02,03:06:58,-0600,635008806,turtlesfpstv,Turd Furgeson,,"@mellewad @rottenhippy Gimme dat nut, I’ll hit up Micheal Jackson’s doctor and get you squared away",en,[],[],[],0,0,2,[],[],https://twitter.com/turtlesfpstv/status/1356529533646684163,False,,0,,dallas,,,,,,"[{'screen_name': 'mellewad', 'name': 'Mellewad', 'id': '1013888110160162823'}]",,,,
1356501634663264256,1356501634663264256,2021-02-02 01:16:06 Hora estándar del Centro,2021-02-02,01:16:06,-0600,3815877200,ben_benny92,Gabe_,,Wide up this over night shift gone kill me .,en,[],[],[],0,0,0,[],[],https://twitter.com/ben_benny92/status/1356501634663264256,False,,0,,dallas,,,,,,[],,,,
1356497637743206401,1356497637743206401,2021-02-02 01:00:14 Hora estándar del Centro,2021-02-02,01:00:14,-0600,126985427,godzeleod,Ra’King,,"Baby!!! This is one white bitch who didn’t give up!!! I commend her to a degree. She did fall once or twice. Got her foot punctured, got shot &amp; ended up fighting in the mud. BUT SHE SURVIVED!!!  https://t.co/HLTFYGbUGH",en,[],[],['https://pbs.twimg.com/media/EtM_aRCXYAEB-9g.jpg'],0,0,0,[],[],https://twitter.com/GodzeleOD/status/1356497637743206401,False,,1,https://pbs.twimg.com/media/EtM_aRCXYAEB-9g.jpg,dallas,,,,,,[],,,,
1356496948585517056,1356414605312974848,2021-02-02 00:57:29 Hora estándar del Centro,2021-02-02,00:57:29,-0600,393771226,constancejackso,Constance Jackson,,"@cosmicfirepeace Joe, Is &amp; Always HAS BEEN, DINO. Joe Rides BOTH SIDES OF FENCE. MANCHIN Needs 2 Know, MORE DEMS SUPPORT CONVICTING TRUMP, THAN NOT! Joe Needs 2 Know, His Future Is Riding On His Support, NOT 4 TRUMP, But 4 USA. TRUMPS GUILTY, TRYING 2 OVERTHROW, US GOVT, By VIOLENCE 1-6-21. True!",en,[],[],[],0,0,0,[],[],https://twitter.com/ConstanceJackso/status/1356496948585517056,False,,0,,dallas,,,,,,"[{'screen_name': 'cosmicfirepeace', 'name': 'jay sea', 'id': '747891181338525696'}]",,,,
1356488657906057217,1356488657906057217,2021-02-02 00:24:33 Hora estándar del Centro,2021-02-02,00:24:33,-0600,330622972,carterology,C. Carter,,Mugs been getting over for years while I’m considering them loyal... all the while the blood starts oozing from stab wounds to the back that I never see coming lol,en,[],[],[],0,0,0,[],[],https://twitter.com/Carterology/status/1356488657906057217,False,,0,,dallas,,,,,,[],,,,
1356485825450631168,1356485825450631168,2021-02-02 00:13:17 Hora estándar del Centro,2021-02-02,00:13:17,-0600,315398623,dshort817,Asema's dad.,,"""Better hit the Nae Nae before you get a whoopin""",en,[],[],[],0,0,0,[],[],https://twitter.com/DShort817/status/1356485825450631168,False,,0,,dallas,,,,,,[],,,,
1356482163269644289,1356482163269644289,2021-02-01 23:58:44 Hora estándar del Centro,2021-02-01,23:58:44,-0600,176931774,bruhhman1,gio,,I’ll just hit my bong and mind my business like I always do,en,[],[],[],0,2,1,[],[],https://twitter.com/BruhhMan1/status/1356482163269644289,False,,0,,dallas,,,,,,[],,,,
1356481282499178496,1356481282499178496,2021-02-01 23:55:14 Hora estándar del Centro,2021-02-01,23:55:14,-0600,439608321,royymacc,Mr. Mac,,She knows Bron wouldn’t slap her. Thing is when this happens in the streets it ends badly. I’ve known too many men that got killed behind some shit their girl escalated.,en,[],[],[],0,0,0,[],[],https://twitter.com/RoyyMacc/status/1356481282499178496,False,,0,,dallas,,,,,,[],,,,
1356476043415191552,1356476043415191552,2021-02-01 23:34:25 Hora estándar del Centro,2021-02-01,23:34:25,-0600,588667622,whore4margs,rani,,some ceviche would HIT right now,en,[],[],[],1,0,1,[],[],https://twitter.com/whore4margs/status/1356476043415191552,False,,0,,dallas,,,,,,[],,,,
1356473343864676352,1356447526103248896,2021-02-01 23:23:41 Hora estándar del Centro,2021-02-01,23:23:41,-0600,393771226,constancejackso,Constance Jackson,,"@SamPhDEng I Think Whoever Did THAT, NEEDS FIRED. WHY NOT KICK PUPPIES?",en,[],[],[],0,0,0,[],[],https://twitter.com/ConstanceJackso/status/1356473343864676352,False,,0,,dallas,,,,,,"[{'screen_name': 'SamPhDEng', 'name': 'Sam S 🇺🇲 🌊🌊🌊🇱🇷', 'id': '1023268412565463040'}]",,,,
1356470648042840064,1356470648042840064,2021-02-01 23:12:59 Hora estándar del Centro,2021-02-01,23:12:59,-0600,1306031607464198146,4pfivan1,4PFivan,,is it me or are tattoos the only thing that’s supposed to hurt but it doesn’t actually hurt 😂,en,[],[],[],0,1,0,[],[],https://twitter.com/4PFivan1/status/1356470648042840064,False,,0,,dallas,,,,,,[],,,,
1356463640908562432,1356457813657014274,2021-02-01 22:45:08 Hora estándar del Centro,2021-02-01,22:45:08,-0600,393771226,constancejackso,Constance Jackson,,"@MeidasTouch @AviFlyGirl @MichaelCohen212 What Does Trump HAVE, ON SENATE GOP DOMESTIC TERRORISTS? Must REALLY Be SOMETHING. Sex W/ Animals On Video? Taking A Bribe, On Video? Trump 1-5-21, Met W/ INSURRECTIONIST, Daniel Beck, 2 Plan Violent OVERTHROW Of Govt@Capitol Rally1-6-21. UnNamed Congress Ppl Attended NYC Mtg, 2!",en,[],[],[],0,0,0,[],[],https://twitter.com/ConstanceJackso/status/1356463640908562432,False,,0,,dallas,,,,,,"[{'screen_name': 'MeidasTouch', 'name': 'MeidasTouch.com', 'id': '1243560408025198593'}, {'screen_name': 'AviFlyGirl', 'name': 'Amelia Have❤️Heart', 'id': '2301628435'}, {'screen_name': 'MichaelCohen212', 'name': 'Michael Cohen', 'id': '52136185'}]",,,,
1356461946304950274,1356461946304950274,2021-02-01 22:38:24 Hora estándar del Centro,2021-02-01,22:38:24,-0600,859839821799227394,misterblvckk,Dr. Haddassah Olyanika Ali-Yongman,,"Excuse me, not to be disrespectful or rude but could you please take this post down. That is my great uncle Thomason  who was killed by a cotton picking machine ,  Idk who you are or if you even know him but i need you to take this down please",en,[],[],[],0,0,0,[],[],https://twitter.com/misterblvckk/status/1356461946304950274,False,https://twitter.com/denzeldion/status/1356314482906030080,0,,dallas,,,,,,[],,,,
1356461911353737218,1356380228176781315,2021-02-01 22:38:16 Hora estándar del Centro,2021-02-01,22:38:16,-0600,2938828332,brooke_autumn_5,Brooke,,@chrisckeefe He was trying to call you but accidentally hit my name obviously,en,[],[],[],1,0,1,[],[],https://twitter.com/brooke_autumn_5/status/1356461911353737218,False,,0,,dallas,,,,,,"[{'screen_name': 'chrisckeefe', 'name': 'Chris', 'id': '489099262'}]",,,,
1356461408930697216,1356461408930697216,2021-02-01 22:36:16 Hora estándar del Centro,2021-02-01,22:36:16,-0600,724755562953461760,ellnsmith,el | רהל אורה,,"Bachelor shot, jeopardy chaser",en,[],[],[],0,0,9,[],[],https://twitter.com/ellnsmith/status/1356461408930697216,False,,0,,dallas,,,,,,[],,,,
1356458980877328387,1356458980877328387,2021-02-01 22:26:37 Hora estándar del Centro,2021-02-01,22:26:37,-0600,3627554954,prxxtyboy,little ass wadah bottles,,I truly live for the violence,en,[],[],[],0,0,0,[],[],https://twitter.com/prxxtyboy/status/1356458980877328387,False,https://twitter.com/shea_jordan/status/1356088069770903552,0,,dallas,,,,,,[],,,,
1356456498403168256,1356456498403168256,2021-02-01 22:16:45 Hora estándar del Centro,2021-02-01,22:16:45,-0600,1159631599094456321,haleycelestinaa,careless,,I woke up and chose✨violence✨ today stop playing w me,en,[],[],[],1,0,1,[],[],https://twitter.com/haleycelestinaa/status/1356456498403168256,False,,0,,dallas,,,,,,[],,,,
1356456355561943041,1356456355561943041,2021-02-01 22:16:11 Hora estándar del Centro,2021-02-01,22:16:11,-0600,818884948178321409,hellnawparker,🅿️ress🅿️lay🅿️arker,,"When this pandemic is officially over, I’m going start back shooting videos  https://t.co/d8ig5keNSp",en,[],[],[],0,2,1,[],[],https://twitter.com/HellNawParker/status/1356456355561943041,False,,1,https://pbs.twimg.com/ext_tw_video_thumb/1356456138892582912/pu/img/gbgU_Dnth461skgZ.jpg,dallas,,,,,,[],,,,
