id,conversation_id,created_at,date,time,timezone,user_id,username,name,place,tweet,language,mentions,urls,photos,replies_count,retweets_count,likes_count,hashtags,cashtags,link,retweet,quote_url,video,thumbnail,near,geo,source,user_rt_id,user_rt,retweet_id,reply_to,retweet_date,translate,trans_src,trans_dest
1357109173230702592,1356839372822220800,2021-02-03 17:30:15 Hora estándar del Centro,2021-02-03,17:30:15,-0600,1325349458,ldelao76,LisaDelao 🇺🇦,,@surfinbrotha @SANJOSEMAILMAN The expression on his bloated mug makes me think it is somewhere inserted in his hindquarters!,en,[],[],[],0,0,0,[],[],https://twitter.com/ldelao76/status/1357109173230702592,False,,0,,san antonio,,,,,,"[{'screen_name': 'surfinbrotha', 'name': '#RESIST anti-trump and all things evil', 'id': '18106971'}, {'screen_name': 'SANJOSEMAILMAN', 'name': 'SANJOSEMAILMAN', 'id': '504070134'}]",,,,
1357105500966428673,1357103111215714307,2021-02-03 17:15:39 Hora estándar del Centro,2021-02-03,17:15:39,-0600,64103600,marcosmfa1,Markitos 🏴‍☠️,,@Ricky_Balboa23 @JasonHuerta18 Nah no shot we put here clapping with any gun,en,[],[],[],1,0,0,[],[],https://twitter.com/Marcosmfa1/status/1357105500966428673,False,,0,,san antonio,,,,,,"[{'screen_name': 'Ricky_Balboa23', 'name': 'Rikki-Tikki', 'id': '979132814628147200'}, {'screen_name': 'JasonHuerta18', 'name': 'Jason', 'id': '2719398929'}]",,,,
1357099175066931203,1357099175066931203,2021-02-03 16:50:31 Hora estándar del Centro,2021-02-03,16:50:31,-0600,260078645,nidcinmar,Cindy Lopez,,Zephi is a victim sex trafficking &amp; should not be considered culpable in her own victimization. “Child victims of rape should not be blamed for their perpetrators’ actions.” @shearhodes #FreeZephi  https://t.co/FzGHbgGsDX,en,"[{'screen_name': 'shearhodes', 'name': 'shea rhodes', 'id': '52835817'}]",['https://swaay.com/youth-nationwide-speak-out-to-freezephi'],[],0,0,0,['freezephi'],[],https://twitter.com/nidcinmar/status/1357099175066931203,False,,0,,san antonio,,,,,,[],,,,
1357095951761047554,1357095951761047554,2021-02-03 16:37:43 Hora estándar del Centro,2021-02-03,16:37:43,-0600,931384861012529152,brazzy_lizz,liz junco ✨,,"Head throbbing, back hurts, ovaries hurt, might just pop a choccy",en,[],[],[],0,0,0,[],[],https://twitter.com/brazzy_lizz/status/1357095951761047554,False,,0,,san antonio,,,,,,[],,,,
1357091267889537025,1357091267889537025,2021-02-03 16:19:06 Hora estándar del Centro,2021-02-03,16:19:06,-0600,1142540066461487105,rosey_satx,RoseySATX🏡😷↔️🦠🆘,,This is where I was assaulted/arrested for peaceful protest!! They dropped the charges.,en,[],[],[],1,1,1,[],[],https://twitter.com/rosey_satx/status/1357091267889537025,False,https://twitter.com/priscialva/status/1356724733023313920,0,,san antonio,,,,,,[],,,,
1357085514894102529,1357084290065051654,2021-02-03 15:56:14 Hora estándar del Centro,2021-02-03,15:56:14,-0600,1171215322789101568,mjfsscarf,𝗠𝗝𝗙'𝘀 𝗦𝗰𝗮𝗿𝗳,,@RookieJen Kick his ass,en,[],[],[],1,0,2,[],[],https://twitter.com/MJFsScarf/status/1357085514894102529,False,,0,,san antonio,,,,,,"[{'screen_name': 'RookieJen', 'name': 'Jenna Lynn ✨', 'id': '449290152'}]",,,,
1357080046268219400,1357080046268219400,2021-02-03 15:34:31 Hora estándar del Centro,2021-02-03,15:34:31,-0600,2437669592,oh_wise1,trAy Boogie Wit Da Hoodie ✨,,I’m literally witnessing women foam at the mouth right now over Trey Songz and just a few months ago they were dragging him through the mud for assault allegations  https://t.co/Uex44MdUY1,en,[],['https://twitter.com/sweetestshana_/status/1357078246404284417'],[],0,1,0,[],[],https://twitter.com/Oh_Wise1/status/1357080046268219400,False,0,0,,san antonio,,,,,,[],,,,
1357078586755346432,1357060144891314177,2021-02-03 15:28:43 Hora estándar del Centro,2021-02-03,15:28:43,-0600,586473104,mmedinanews,Mariah Medina,,BREAKING: @BexarCoSheriff has released these photos of a person and truck authorities believe is connected to the shooting of a Balcones Heights officer. #Kens5Eyewitness  https://t.co/5SHyIl2hRc,en,"[{'screen_name': 'bexarcosheriff', 'name': 'bexar county sheriff’s office', 'id': '2798670589'}]",[],"['https://pbs.twimg.com/media/EtVPyC6XMAEvig-.jpg', 'https://pbs.twimg.com/media/EtVPyC7XUAUSfeL.jpg', 'https://pbs.twimg.com/media/EtVPyC5WYAMhqY9.jpg']",2,1,3,['kens5eyewitness'],[],https://twitter.com/MMedinanews/status/1357078586755346432,False,,1,https://pbs.twimg.com/media/EtVPyC6XMAEvig-.jpg,san antonio,,,,,,[],,,,
1357078050198986753,1357078050198986753,2021-02-03 15:26:35 Hora estándar del Centro,2021-02-03,15:26:35,-0600,260078645,nidcinmar,Cindy Lopez,,"Zephi is a sex trafficking victim accused of commiting capital murder. @DallasCountyDAO is trying to have her charged as an adult for a crime she did not commit. Call DA, John Creuzot &amp; urge him to drop these charges. 214-653-3600. #FreeZephi  https://t.co/w5opFDnr7l",en,"[{'screen_name': 'dallascountydao', 'name': 'dallas da', 'id': '4050806538'}]",[],['https://pbs.twimg.com/media/EtVPSzkWgAEtMWv.jpg'],0,6,4,['freezephi'],[],https://twitter.com/nidcinmar/status/1357078050198986753,False,,1,https://pbs.twimg.com/media/EtVPSzkWgAEtMWv.jpg,san antonio,,,,,,[],,,,
1357076913773301766,1357076913773301766,2021-02-03 15:22:04 Hora estándar del Centro,2021-02-03,15:22:04,-0600,946018230,celestino_chris,..,,Bitch don’t kill my vibe!!!!,en,[],[],[],0,0,0,[],[],https://twitter.com/Celestino_Chris/status/1357076913773301766,False,,0,,san antonio,,,,,,[],,,,
1357076107133145090,1357076107133145090,2021-02-03 15:18:51 Hora estándar del Centro,2021-02-03,15:18:51,-0600,1325349458,ldelao76,LisaDelao 🇺🇦,,"Shows how DESPICABLE  GOP values are that they cut Cheney out for Q #monstergreene and ther violent, racist,antisemitic 💩 she spews! Unbelievable that GOP embraces trash like #TerroristGreene - &amp; #CapitolInsurrection &amp; #TrumpInsurrection  as GOP radical future",en,[],[],[],0,1,6,"['monstergreene', 'terroristgreene', 'capitolinsurrection', 'trumpinsurrection']",[],https://twitter.com/ldelao76/status/1357076107133145090,False,,0,,san antonio,,,,,,[],,,,
1357073404445270018,1357073404445270018,2021-02-03 15:08:07 Hora estándar del Centro,2021-02-03,15:08:07,-0600,1325349458,ldelao76,LisaDelao 🇺🇦,,"No agreement on policy with Rep Chaney- But will take policy differences ANY day over a white supremist, violent  NUT CASE  like Q queen  #GreeneMonster !  Shows how LOW and cowardly GOP- esp #Mcarthy is. BOTH must GO!",en,[],[],[],0,0,0,"['greenemonster', 'mcarthy']",[],https://twitter.com/ldelao76/status/1357073404445270018,False,,0,,san antonio,,,,,,[],,,,
1357072059164196867,1357072059164196867,2021-02-03 15:02:46 Hora estándar del Centro,2021-02-03,15:02:46,-0600,328147542,brihold,Brielle,,"He has lied, bobbed and weaved, and avoided ALL accountability. NOTHING has been delivered.   SAPD’s murder footage has had to be pried from his hands after the City Manager freely shared it with some Councilmembers for months.",en,[],[],[],0,1,1,[],[],https://twitter.com/brihold/status/1357072059164196867,False,https://twitter.com/lestealana/status/1357053054793711616,0,,san antonio,,,,,,[],,,,
1357071776124125184,1357071776124125184,2021-02-03 15:01:39 Hora estándar del Centro,2021-02-03,15:01:39,-0600,2572959263,jacobfu85388283,La Voz de Culebra Park,,A Balcones Heights 'pig' has been shot??,en,[],[],[],0,0,0,[],[],https://twitter.com/JacobFu85388283/status/1357071776124125184,False,,0,,san antonio,,,,,,[],,,,
1357071583639183360,1357071583639183360,2021-02-03 15:00:53 Hora estándar del Centro,2021-02-03,15:00:53,-0600,2572959263,jacobfu85388283,La Voz de Culebra Park,,The Character of Alexis Davis needs to be killed off from #GeneralHospital,en,[],[],[],0,0,0,['generalhospital'],[],https://twitter.com/JacobFu85388283/status/1357071583639183360,False,,0,,san antonio,,,,,,[],,,,
1357068713959292937,1356983884861349888,2021-02-03 14:49:29 Hora estándar del Centro,2021-02-03,14:49:29,-0600,1133548944473165824,larrycolt451,Larry Colt 45,,"@WalshFreedom Didn’t Biden win?  Yet Dems are still obsessed with Trump and his supporters. You have the Media, the WH, Senate and House. Now you want Trump supporters killed?  Look at your followers tweets. Scary stuff!  In US you are still free to boycott whoever you want at least for now.",en,[],[],[],0,0,0,[],[],https://twitter.com/LarryColt451/status/1357068713959292937,False,,0,,san antonio,,,,,,"[{'screen_name': 'WalshFreedom', 'name': 'Joe Walsh', 'id': '236487888'}]",,,,
1357067767833366528,1355402760762613760,2021-02-03 14:45:43 Hora estándar del Centro,2021-02-03,14:45:43,-0600,1131029313208426497,aprilma79570875,April Maldonado( pic by Benjamin Medeiros),,"@ibk0904 Its a bad day, kidneys hurt, body hurts and I’m really tired",en,[],[],[],1,0,0,[],[],https://twitter.com/AprilMa79570875/status/1357067767833366528,False,,0,,san antonio,,,,,,"[{'screen_name': 'ibk0904', 'name': 'nevergiveup', 'id': '781129179580534784'}]",,,,
1357067529378803715,1357067529378803715,2021-02-03 14:44:46 Hora estándar del Centro,2021-02-03,14:44:46,-0600,586473104,mmedinanews,Mariah Medina,,Balcones Heights officials confirm an officer has been shot and was taken to the hospital. No word on condition.,en,[],[],[],2,9,9,[],[],https://twitter.com/MMedinanews/status/1357067529378803715,False,https://twitter.com/MMedinanews/status/1357060144891314177,0,,san antonio,,,,,,[],,,,
1357065613382995968,1357065613382995968,2021-02-03 14:37:09 Hora estándar del Centro,2021-02-03,14:37:09,-0600,986645180420849665,tonycrrn,tony 🚀,,If y’all trynna squad with me and Razz hit us up!!!,en,[],[],[],1,0,0,[],[],https://twitter.com/tonycrrn/status/1357065613382995968,False,https://twitter.com/RedAssRazz/status/1357064918923673600,0,,san antonio,,,,,,[],,,,
1357061760042340356,1357061760042340356,2021-02-03 14:21:51 Hora estándar del Centro,2021-02-03,14:21:51,-0600,417557176,rumhamqueen,Rum Ham,,There was a shooting by my mom’s house and I’m pissed because it’s literally down the street from her house.,en,[],[],[],0,0,0,[],[],https://twitter.com/RumHamQueen/status/1357061760042340356,False,,0,,san antonio,,,,,,[],,,,
