id,conversation_id,created_at,date,time,timezone,user_id,username,name,place,tweet,language,mentions,urls,photos,replies_count,retweets_count,likes_count,hashtags,cashtags,link,retweet,quote_url,video,thumbnail,near,geo,source,user_rt_id,user_rt,retweet_id,reply_to,retweet_date,translate,trans_src,trans_dest
1356753396649320448,1356708556217733125,2021-02-02 17:56:31 Hora estándar del Centro,2021-02-02,17:56:31,-0600,710078026600620032,itzel_j23,It’s,,@SiempreElReyes That rape scene.... yikes,en,[],[],[],1,0,1,[],[],https://twitter.com/itzel_j23/status/1356753396649320448,False,,0,,chicago,,,,,,"[{'screen_name': 'SiempreElReyes', 'name': 'Dan Reyes 👀🔴', 'id': '101598743'}]",,,,
1356753053811146757,1356670872686362625,2021-02-02 17:55:09 Hora estándar del Centro,2021-02-02,17:55:09,-0600,25431990,keystone80435,Cliff DeMartino,,"@MorrieFresh @hen_ease I’ll rephrase, it’s the best production of something that has many moving parts I’ve seen Barstool do. Don’t worry, it’s only Season 1. I hope you get your shot!",en,[],[],[],1,0,1,[],[],https://twitter.com/Keystone80435/status/1356753053811146757,False,,0,,chicago,,,,,,"[{'screen_name': 'hen_ease', 'name': 'Hank Lockwood', 'id': '355190623'}]",,,,
1356753033196171264,1356753033196171264,2021-02-02 17:55:05 Hora estándar del Centro,2021-02-02,17:55:05,-0600,26097464,woodlawnwonder,WoodlawnWonder,,‘Don’t Kill Me’: Others Tell of Abuse by Officer Who Knelt on George Floyd  https://t.co/WuRAk21zyy,en,[],['https://nyti.ms/2Mhl2MX'],[],1,2,1,[],[],https://twitter.com/WoodlawnWonder/status/1356753033196171264,False,,0,,chicago,,,,,,[],,,,
1356752045689233409,1356739591647211520,2021-02-02 17:51:09 Hora estándar del Centro,2021-02-02,17:51:09,-0600,313567800,jooster13,Lisa Burmeister,,"@QuothTheRavings I don't think I'm progressing a ton cuz I keep just stopping at world events. And it's confusing because so much content is out now so I'd it even know what is ""main"" and what isn't. But if I just kinda not care about that and just think of it as loot grinding with fun murder 👍",en,[],[],[],0,0,0,[],[],https://twitter.com/jooster13/status/1356752045689233409,False,,0,,chicago,,,,,,"[{'screen_name': 'QuothTheRavings', 'name': 'Rob.', 'id': '63275320'}]",,,,
1356747197753290760,1356747197753290760,2021-02-02 17:31:53 Hora estándar del Centro,2021-02-02,17:31:53,-0600,1356256781182316551,cyberspiderwebs,creepy-crawly,,i got a fucking tattoo gun be prepared for some amazing ass tattz,en,[],[],[],0,0,0,[],[],https://twitter.com/cyberspiderwebs/status/1356747197753290760,False,,0,,chicago,,,,,,[],,,,
1356746838909603842,1356746838909603842,2021-02-02 17:30:28 Hora estándar del Centro,2021-02-02,17:30:28,-0600,2278142599,jonklemke,Jon,,"Got an Oculus and was looking at games for it when I scoped Pistol Whip. Was on the fence, but then I saw @magicswordmusic did the music and it was an instabuy. Put them in more stuff and give them more money plz",en,"[{'screen_name': 'magicswordmusic', 'name': 'magic sword', 'id': '488037368'}]",[],[],0,0,3,[],[],https://twitter.com/jonklemke/status/1356746838909603842,False,,0,,chicago,,,,,,[],,,,
1356745567129530373,1356735246704730115,2021-02-02 17:25:24 Hora estándar del Centro,2021-02-02,17:25:24,-0600,1701354733,oajige,OAJ ***,,@chamdorpapi Arteta ball is harassment.💋,in,[],[],[],1,0,0,[],[],https://twitter.com/OAJIGE/status/1356745567129530373,False,,0,,chicago,,,,,,[],,,,
1356743746415656960,1356743746415656960,2021-02-02 17:18:10 Hora estándar del Centro,2021-02-02,17:18:10,-0600,30405550,kashiskween,Kash,,damn he hit that wall hard asf,en,[],[],[],0,1,0,[],[],https://twitter.com/kashiskween/status/1356743746415656960,False,https://twitter.com/iBetUWntA_Lexus/status/1356693609177894912,0,,chicago,,,,,,[],,,,
1356743622520102913,1356743622520102913,2021-02-02 17:17:41 Hora estándar del Centro,2021-02-02,17:17:41,-0600,1726560499,nolookchitown,chitown wander,,what  a joke... Chicago  is a criminals heaven and this guy gets promoted,en,[],[],[],0,0,0,[],[],https://twitter.com/nolookchitown/status/1356743622520102913,False,https://twitter.com/GregHinz/status/1356736014656696320,0,,chicago,,,,,,[],,,,
1356742897744441348,1356610067408289792,2021-02-02 17:14:48 Hora estándar del Centro,2021-02-02,17:14:48,-0600,248785647,tblaney926,9-Iron,,@SouthsideZo @gals_rob Hit em where their cherries grow.   Learned that in at St Cajetan in 1977,en,[],[],[],0,1,1,[],[],https://twitter.com/Tblaney926/status/1356742897744441348,False,,0,,chicago,,,,,,"[{'screen_name': 'SouthsideZo', 'name': 'Matt Zawaski (1)', 'id': '110801838'}, {'screen_name': 'gals_rob', 'name': 'rob gals🇺🇸', 'id': '1178015813514776576'}]",,,,
1356741295277027328,1356741295277027328,2021-02-02 17:08:26 Hora estándar del Centro,2021-02-02,17:08:26,-0600,30495869,sandratrevino,Sandra Treviño,,Gun shot or firecracker? 5:08PM #chicago,en,[],[],[],0,0,1,['chicago'],[],https://twitter.com/sandratrevino/status/1356741295277027328,False,,0,,chicago,,,,,,[],,,,
1356738543775846403,1356738543775846403,2021-02-02 16:57:30 Hora estándar del Centro,2021-02-02,16:57:30,-0600,798506356357627904,starboybidenky,Bidenky🦅,,Music is the weapon,en,[],[],[],0,1,7,[],[],https://twitter.com/Starboybidenky/status/1356738543775846403,False,,0,,chicago,,,,,,[],,,,
1356738024973950977,1356738024973950977,2021-02-02 16:55:26 Hora estándar del Centro,2021-02-02,16:55:26,-0600,1701354733,oajige,OAJ ***,,"If Shaw was still on that pitch, we would’ve hit 10.",en,[],[],[],0,1,0,[],[],https://twitter.com/OAJIGE/status/1356738024973950977,False,,0,,chicago,,,,,,[],,,,
1356737986084364297,1356737986084364297,2021-02-02 16:55:17 Hora estándar del Centro,2021-02-02,16:55:17,-0600,34704895,missevastyles,Eva Styles,,Me forwarding 7 months of harassment to the HR of their employer  https://t.co/jIXERp2JBE,en,[],[],['https://pbs.twimg.com/tweet_video_thumb/EtQaAUTXEAEexx-.jpg'],6,1,87,[],[],https://twitter.com/MissEvaStyles/status/1356737986084364297,False,,1,https://pbs.twimg.com/tweet_video_thumb/EtQaAUTXEAEexx-.jpg,chicago,,,,,,[],,,,
1356734404106797056,1356734404106797056,2021-02-02 16:41:03 Hora estándar del Centro,2021-02-02,16:41:03,-0600,242483742,unabridgedbooks,Unabridged Bookstore,,"“They hate because they fear, and they fear because they feel that the deepest feelings of their lives are being assaulted and outraged. And they do not know why; they are powerless pawns in a blind play of social forces.”  https://t.co/cBQL5LbKq2",en,[],[],['https://pbs.twimg.com/media/EtQWvxCXcAI68ni.jpg'],1,2,20,[],[],https://twitter.com/UnabridgedBooks/status/1356734404106797056,False,,1,https://pbs.twimg.com/media/EtQWvxCXcAI68ni.jpg,chicago,,,,,,[],,,,
1356727386151276546,1356727386151276546,2021-02-02 16:13:10 Hora estándar del Centro,2021-02-02,16:13:10,-0600,1217938840834465798,barbersox,White Sox Barber 💈,,Rape enabler getting in Chicago business. FOH cunty mcrapey,en,[],[],[],0,0,10,[],[],https://twitter.com/BarberSox/status/1356727386151276546,False,https://twitter.com/Jim_Jordan/status/1356663072245571586,0,,chicago,,,,,,[],,,,
1356722046458339336,1356722046458339336,2021-02-02 15:51:57 Hora estándar del Centro,2021-02-02,15:51:57,-0600,301170383,msnadiawithlove,NadiaMUA,,🙌🏾 Nothing less. Arrested Handcuffed &amp; indicted just like all the other #WhiteSupremacists #WhiteDomesticTerrorists sedition criminals @FBI #ginnithomas has proclaimed her part in #TrumpInsurrectionJanuary62021 #SeditionHasConsequences #ResignClarenceThomas still no decency,en,"[{'screen_name': 'fbi', 'name': 'fbi', 'id': '17629860'}]",[],[],0,0,0,"['whitesupremacists', 'whitedomesticterrorists', 'ginnithomas', 'trumpinsurrectionjanuary62021', 'seditionhasconsequences', 'resignclarencethomas']",[],https://twitter.com/MsNadiaWithLove/status/1356722046458339336,False,https://twitter.com/KMJames14/status/1356716785970515968,0,,chicago,,,,,,[],,,,
1356721018887434241,1356721018887434241,2021-02-02 15:47:52 Hora estándar del Centro,2021-02-02,15:47:52,-0600,33806698,sahloul,Dr. Zaher Sahloul,,"They (@bellingcat) have told the true stories of the missiles that downed Malaysia Airlines Flight 17 in Ukraine and the chemical weapons used by the Syrian dictator Bashar al-Assad, exposed Kremlin hit teams, and found ISIS supporters in Europe  https://t.co/s310Z7nbRH",en,"[{'screen_name': 'bellingcat', 'name': 'bellingcat', 'id': '2315512764'}]",['https://www.bellingcat.com/book/'],[],1,8,18,[],[],https://twitter.com/sahloul/status/1356721018887434241,False,,0,,chicago,,,,,,[],,,,
1356715272921612288,1356714715704139777,2021-02-02 15:25:02 Hora estándar del Centro,2021-02-02,15:25:02,-0600,136398904,robertsallee,Legends Never Die,,"@FatMackington Wilder gonna hit that man one time and I don’t care how long he played football, he’s going down.",en,[],[],[],0,0,0,[],[],https://twitter.com/RobertSallee/status/1356715272921612288,False,,0,,chicago,,,,,,"[{'screen_name': 'FatMackington', 'name': 'Taylor Rooks Stan Account', 'id': '23967897'}]",,,,
1356711492704473090,1356711492704473090,2021-02-02 15:10:00 Hora estándar del Centro,2021-02-02,15:10:00,-0600,29551460,eliascepeda,Elias Cepeda,,"I like how, at the end, they both punch the fuck out of family.",en,[],[],[],3,1,12,[],[],https://twitter.com/EliasCepeda/status/1356711492704473090,False,https://twitter.com/dvewlsh/status/1356711016948670468,0,,chicago,,,,,,[],,,,
