id,conversation_id,created_at,date,time,timezone,user_id,username,name,place,tweet,language,mentions,urls,photos,replies_count,retweets_count,likes_count,hashtags,cashtags,link,retweet,quote_url,video,thumbnail,near,geo,source,user_rt_id,user_rt,retweet_id,reply_to,retweet_date,translate,trans_src,trans_dest
1356753868017827841,1356753868017827841,2021-02-02 17:58:24 Hora estándar del Centro,2021-02-02,17:58:24,-0600,1340410916752519171,jiggyj55710295,Jiggy J,,"@JoeBiden please Condemn the Violence the Indian government (BJP) is doing to our farmers.Government is not even letting them protest in Pease n or free speech. Internet, text n phones have been cut off.also the drinking water n electric connection were cut off as well. Thx u",en,[],[],[],0,0,0,[],[],https://twitter.com/JiggyJ55710295/status/1356753868017827841,False,,0,,new york city,,,,,,[],,,,
1356753575356092416,1356753575356092416,2021-02-02 17:57:14 Hora estándar del Centro,2021-02-02,17:57:14,-0600,246460039,stefaniexx3,Stefaniexx3,,This is why if I move I need a parking spot 😭. I’ve always had my drive way so not being able to have that is gonna hurt,en,[],[],[],0,0,0,[],[],https://twitter.com/Stefaniexx3/status/1356753575356092416,False,https://twitter.com/UnordinaryRush/status/1356752998148497409,0,,new york city,,,,,,[],,,,
1356753469315637249,1356753469315637249,2021-02-02 17:56:49 Hora estándar del Centro,2021-02-02,17:56:49,-0600,4093574025,mykheciaperry,M Y M Y ♒️,,yo fav nigga wanna hit this 🥴,en,[],[],[],0,0,0,[],[],https://twitter.com/MykheciaPerry/status/1356753469315637249,False,,0,,new york city,,,,,,[],,,,
1356753468648792069,1356178368501309441,2021-02-02 17:56:48 Hora estándar del Centro,2021-02-02,17:56:48,-0600,791316969513517056,chelsbennington,Chelsea Bennington,,"@FaerieGlitter21 @SweetieWalker @moryan “I feel for the victims but...” is such bullshit. These women were manipulated. Each statement from them makes that clear. Jesus Christ, no wonder people wait so long to come out about their assault. So many of these replies are the shittiest and most insulting takes.",en,[],[],[],0,0,0,[],[],https://twitter.com/chelsbennington/status/1356753468648792069,False,,0,,new york city,,,,,,"[{'screen_name': 'FaerieGlitter21', 'name': 'Mandi💙💙💙🌊🌊🌊🦄🦄👽👽❤💚🧡💜', 'id': '137851125'}, {'screen_name': 'SweetieWalker', 'name': 'Susan ""Lock Up the Trumps"" Bagwell', 'id': '1029047922'}, {'screen_name': 'moryan', 'name': 'Mo Ryan', 'id': '10111462'}]",,,,
1356753169389412354,1356753169389412354,2021-02-02 17:55:37 Hora estándar del Centro,2021-02-02,17:55:37,-0600,119186722,young_jlc,young JLC,,I got a big story to tell you ppl sticks and stones will break your bones and words do hurt hating ass people now how do i get on youtube so I can tell my story on how I got in Facebook jail for 30 days for  mountain my own business smh,en,[],[],[],0,0,0,[],[],https://twitter.com/young_JLC/status/1356753169389412354,False,,0,,new york city,,,,,,[],,,,
1356751837257490440,1356751837257490440,2021-02-02 17:50:19 Hora estándar del Centro,2021-02-02,17:50:19,-0600,357580155,xomiyaa_,mbeezy,,My closest friends did bullshit to me so if it’s not Naashia ion really kick it w nobody,en,[],[],[],0,0,0,[],[],https://twitter.com/xoMiyaa_/status/1356751837257490440,False,,0,,new york city,,,,,,[],,,,
1356750472732942338,1356706525335666695,2021-02-02 17:44:54 Hora estándar del Centro,2021-02-02,17:44:54,-0600,1310609279435579397,imstill2sober,Clifford the Big Red F 🚩ag,,@mvstevens Anyone that tries to hurt him I’ll take out personally.,en,[],[],[],0,0,0,[],[],https://twitter.com/ImStill2Sober/status/1356750472732942338,False,,0,,new york city,,,,,,"[{'screen_name': 'mvstevens', 'name': 'Matthew Stevens', 'id': '24580040'}]",,,,
1356750264166993927,1356750264166993927,2021-02-02 17:44:04 Hora estándar del Centro,2021-02-02,17:44:04,-0600,1192849628204548096,m_choen,victor m cohen,,@AlmasriFahad Assad is going to be kill very soon 🔜 because Iran Porblerm is going to be fix the going to dostorid the Atomic places and Iran,en,[],[],[],0,0,2,[],[],https://twitter.com/m_choen/status/1356750264166993927,False,,0,,new york city,,,,,,[],,,,
1356750222026821634,1356750222026821634,2021-02-02 17:43:54 Hora estándar del Centro,2021-02-02,17:43:54,-0600,2174887676,ryanngala,Ryan Ngala,,@BreakingNews: Rep. @AOC Describes ‘Trauma’ Of Capitol Attack,ca,"[{'screen_name': 'aoc', 'name': 'alexandria ocasio-cortez', 'id': '138203134'}]",[],[],0,0,0,[],[],https://twitter.com/RyanNgala/status/1356750222026821634,False,,0,,new york city,,,,,,[],,,,
1356749309585326083,1356745723577061378,2021-02-02 17:40:17 Hora estándar del Centro,2021-02-02,17:40:17,-0600,6355882,nrafter,Nick Rafter 🇺🇦,,"@alvyssotsky Then vaccines must be mandated, otherwise you’re going to have a situation where there will be violence against anti-vaxxers",en,[],[],[],1,0,2,[],[],https://twitter.com/NRafter/status/1356749309585326083,False,,0,,new york city,,,,,,"[{'screen_name': 'alvyssotsky', 'name': 'Al Vyssotsky', 'id': '4791556272'}]",,,,
1356746613243404288,1356737208343023620,2021-02-02 17:29:34 Hora estándar del Centro,2021-02-02,17:29:34,-0600,602051013,warpstrikeflite,cant trust any1,,@_amberalert Just hit 1,en,[],[],[],0,0,0,[],[],https://twitter.com/WarpStrikeFlite/status/1356746613243404288,False,,0,,new york city,,,,,,"[{'screen_name': '_amberalert', 'name': 'Bliss🌿', 'id': '2646031504'}]",,,,
1356745170356740098,1356745170356740098,2021-02-02 17:23:50 Hora estándar del Centro,2021-02-02,17:23:50,-0600,1192849628204548096,m_choen,victor m cohen,,@YairGolan1 why you like the Arab the kill us I’m Jewish from Syria 🇸🇾 I never like the Arab or truth them the Nazi including Iran open your eys after we make peace with Arafat how Jewish kill in bus in isarel ?????,en,[],[],[],1,0,0,[],[],https://twitter.com/m_choen/status/1356745170356740098,False,,0,,new york city,,,,,,[],,,,
1356745062714081283,1356745062714081283,2021-02-02 17:23:24 Hora estándar del Centro,2021-02-02,17:23:24,-0600,1355486487714934791,5hang7,5hang 7sung,,Can we get a one hit wonder versus with Lumidee Wayne Wonder D4L Young Gunz Field Mob Nappy Roots BoneCrusher Khia  Nina Sky Eamon  #onehitwonder #versuz #VersusRadio #2000s,en,[],[],[],0,0,0,"['onehitwonder', 'versuz', 'versusradio', '2000s']",[],https://twitter.com/5hang7/status/1356745062714081283,False,,0,,new york city,,,,,,[],,,,
1356744035659108352,1356744035659108352,2021-02-02 17:19:19 Hora estándar del Centro,2021-02-02,17:19:19,-0600,858858006548631552,jayswindles_,thejaylife_,,Ask me if I consider you a friend and watch you be hurt lmao,en,[],[],[],0,0,0,[],[],https://twitter.com/Jayswindles_/status/1356744035659108352,False,,0,,new york city,,,,,,[],,,,
1356744016700858371,1356609973095174145,2021-02-02 17:19:15 Hora estándar del Centro,2021-02-02,17:19:15,-0600,229215667,tkdylan,D.E.,,"@DamonLinker @xan_desanctis One is protection from temporary trespass, another is protection from wilful death. If you shoot someone dying who stumbles in agony onto your property, you’re guilty of murder.",en,[],[],[],1,0,1,[],[],https://twitter.com/tkdylan/status/1356744016700858371,False,,0,,new york city,,,,,,"[{'screen_name': 'DamonLinker', 'name': 'Damon Linker', 'id': '475957325'}, {'screen_name': 'xan_desanctis', 'name': 'Alexandra DeSanctis Marr', 'id': '520497278'}]",,,,
1356743081400426497,1356468730734104576,2021-02-02 17:15:32 Hora estándar del Centro,2021-02-02,17:15:32,-0600,25721828,gutterboi,Gutterboi923 - Markie,,"@wp_SMAMX @LangAlexi @hlmacmillen Being sexually assaulted and the insurrection is her personal account of the events on Jan 6th. What I’m saying is she is full of hot air and everyone on this thread is speaking from their personal POV, yet no one actually deals with her on a daily basis.",en,[],[],[],3,0,0,[],[],https://twitter.com/gutterboi/status/1356743081400426497,False,,0,,new york city,,,,,,"[{'screen_name': 'wp_SMAMX', 'name': 'Wendy P', 'id': '1972638512'}, {'screen_name': 'LangAlexi', 'name': 'Witchy👅McBitch', 'id': '1308431609683607554'}, {'screen_name': 'hlmacmillen', 'name': 'Hayley MacMillen', 'id': '237773936'}]",,,,
1356742630613344260,1356677931637088258,2021-02-02 17:13:44 Hora estándar del Centro,2021-02-02,17:13:44,-0600,1241247973985615872,missgoddessnyc2,@MissGoddessNYC,,@majesty_noir Sexy!!! You go girl with your bad self.. try not to hurt anybody,en,[],[],[],1,0,1,[],[],https://twitter.com/MissGoddessNYC2/status/1356742630613344260,False,,0,,new york city,,,,,,"[{'screen_name': 'majesty_noir', 'name': 'Majesty Noir BDSM/FMTY', 'id': '1330724177595265025'}]",,,,
1356742179520188417,1356742179520188417,2021-02-02 17:11:57 Hora estándar del Centro,2021-02-02,17:11:57,-0600,949146217711263744,elbauldelurodaa,Nigga Lu,,"Kick ass, now that's what am talking about! :)",en,[],[],[],0,0,0,[],[],https://twitter.com/ElBaulDeLurodAA/status/1356742179520188417,False,https://twitter.com/mkraju/status/1356735212953235459,0,,new york city,,,,,,[],,,,
1356741892147453953,1356741892147453953,2021-02-02 17:10:48 Hora estándar del Centro,2021-02-02,17:10:48,-0600,226396458,_abarbinbk,“NOT A WHITE REFRIGERATOR 😩😣”,,Oh nah Spencer and dem losin by one point cause they missed the kick is cold #AllAmerican,en,[],[],[],0,0,0,['allamerican'],[],https://twitter.com/_ABarbinBK/status/1356741892147453953,False,,0,,new york city,,,,,,[],,,,
1356741521190617095,1356741521190617095,2021-02-02 17:09:20 Hora estándar del Centro,2021-02-02,17:09:20,-0600,2184843999,sangelicamusic,Sophia Angelica,,"Check out my new vlog and past vlogs, and make sure to hit that subscribe button to stay updated 🎥 Thanks everyone for the amazing support, especially these past few months ❤️  https://t.co/B3yz6W3cgl",en,[],['https://youtube.com/c/sophiaangelicamusic'],[],1,1,3,[],[],https://twitter.com/SAngelicaMusic/status/1356741521190617095,False,,0,,new york city,,,,,,[],,,,
1356740951348305920,1356740951348305920,2021-02-02 17:07:04 Hora estándar del Centro,2021-02-02,17:07:04,-0600,1721891689,smantha_xo,samantha,,I feel like I got hit by a truck 😥,en,[],[],[],0,0,0,[],[],https://twitter.com/smantha_xo/status/1356740951348305920,False,,0,,new york city,,,,,,[],,,,
1356739998096240644,1356739998096240644,2021-02-02 17:03:17 Hora estándar del Centro,2021-02-02,17:03:17,-0600,1214958659475791874,pyroov8,jordy,,My legs are bit sore still from a workout on Saturday. What kind of cardio can I do that won’t kill me lol,en,[],[],[],6,0,7,[],[],https://twitter.com/pyroov8/status/1356739998096240644,False,,0,,new york city,,,,,,[],,,,
1356739982287847427,1356739982287847427,2021-02-02 17:03:13 Hora estándar del Centro,2021-02-02,17:03:13,-0600,949146217711263744,elbauldelurodaa,Nigga Lu,,FBI identifies 2 agents killed in Florida while serving warrant in 'violent crimes against children case'.  https://t.co/7m41XTDBYU  via @GoogleNews,en,"[{'screen_name': 'googlenews', 'name': 'google news', 'id': '33584794'}]",['https://www.usatoday.com/story/news/nation/2021/02/02/sunrise-florida-shooting-fbi-agents-injured/4352344001/'],[],0,0,0,[],[],https://twitter.com/ElBaulDeLurodAA/status/1356739982287847427,False,,0,,new york city,,,,,,[],,,,
1356739024237580288,1356737001601531904,2021-02-02 16:59:25 Hora estándar del Centro,2021-02-02,16:59:25,-0600,498432551,hijello,Casey ☯,,@sammy_kellee ur brother also said this to me.  but instead of being a little bitch I said I would chop his head off if he ever hurt u. and I still would,en,[],[],[],1,0,3,[],[],https://twitter.com/hijello/status/1356739024237580288,False,,0,,new york city,,,,,,"[{'screen_name': 'sammy_kellee', 'name': 'SK', 'id': '799435082'}]",,,,
1356736937571332096,1355683891596689413,2021-02-02 16:51:07 Hora estándar del Centro,2021-02-02,16:51:07,-0600,50894586,hannsimp,Hannah Simpson חנה הייה-לב סימפסון,,"@NOMupdate @briansbrown None of that makes any sense whatsoever. But more importantly, what does it have to do with me?  I’m hardly violent, or a communist. In fact, I work in health care and volunteer for the Red Cross at disasters. Would you like to learn more about me instead of telling me who I am?  https://t.co/JHEZazp4Da",en,[],[],['https://pbs.twimg.com/media/EtQZDNfWgAM0BXV.jpg'],0,0,0,[],[],https://twitter.com/hannsimp/status/1356736937571332096,False,,1,https://pbs.twimg.com/media/EtQZDNfWgAM0BXV.jpg,new york city,,,,,,"[{'screen_name': 'NOMupdate', 'name': 'NOM', 'id': '19435965'}, {'screen_name': 'briansbrown', 'name': 'Brian Brown', 'id': '17642409'}]",,,,
1356735921312391171,1356729972845670401,2021-02-02 16:47:05 Hora estándar del Centro,2021-02-02,16:47:05,-0600,30276713,retr0mikey,Mike Busa 🌻,,@thecultureofme Your “I Just Hit the Pandemic Wall” t-shirt is already in the mail.,en,[],[],[],0,0,2,[],[],https://twitter.com/RETR0MIKEY/status/1356735921312391171,False,,0,,new york city,,,,,,"[{'screen_name': 'thecultureofme', 'name': 'main character energy jeff', 'id': '5980812'}]",,,,
1356734208153116676,1356732593278976004,2021-02-02 16:40:16 Hora estándar del Centro,2021-02-02,16:40:16,-0600,750897170212085761,montysport01,Time to complete our mission!,,@Scotch_Rox Lol. I'm sure he can get him another way.  Let someone else kick him in the balls.,en,[],[],[],0,0,0,[],[],https://twitter.com/montysport01/status/1356734208153116676,False,,0,,new york city,,,,,,"[{'screen_name': 'Scotch_Rox', 'name': 'Burns Like Whisky 🇺🇸', 'id': '842776777898577920'}]",,,,
1356733263042273281,1356733263042273281,2021-02-02 16:36:31 Hora estándar del Centro,2021-02-02,16:36:31,-0600,167432446,just__philippe,"being me, presently",,I just ate some Haitian food I ordered on Uber Eats &amp; it slapped! I was craving turkey wings so I got the turkey in some sauce with black rice and macaroni &amp; cheese. It hit the spot and now I’m drowsy 😌,en,[],[],[],0,0,1,[],[],https://twitter.com/Just__PHILIPPE/status/1356733263042273281,False,,0,,new york city,,,,,,[],,,,
1356729476814671873,1356729476814671873,2021-02-02 16:21:28 Hora estándar del Centro,2021-02-02,16:21:28,-0600,17968533,adammagazine,Adam Magazine: Globalist (Cuz that means Jew),,Let us never forget that De Blasio killed a groundhog.  https://t.co/AzRfWm90UP,en,[],['https://www.nydailynews.com/news/politics/ny-de-blasio-groundhog-day-staten-island-chuck-killing-20200128-uei2wqa6g5fzrd3kzwqvi7ve4y-story.html'],[],0,0,1,[],[],https://twitter.com/adammagazine/status/1356729476814671873,False,,0,,new york city,,,,,,[],,,,
1356729085586718722,1356727684739465216,2021-02-02 16:19:55 Hora estándar del Centro,2021-02-02,16:19:55,-0600,509679405,davidrcoggins,David Coggins,,@sarahlovescali Some hurt feelings today.,en,[],[],[],0,0,1,[],[],https://twitter.com/Davidrcoggins/status/1356729085586718722,False,,0,,new york city,,,,,,"[{'screen_name': 'sarahlovescali', 'name': 'sarah miller', 'id': '73820064'}]",,,,
1356727153203810305,1356724468748582912,2021-02-02 16:12:14 Hora estándar del Centro,2021-02-02,16:12:14,-0600,40591067,danno2430,Kreidbanejad Publicity Tour 2022,,@Katallion Any time I get the ball stolen from me any strategy I have immediately turns into “attack every player immediately”,en,[],[],[],1,0,0,[],[],https://twitter.com/Danno2430/status/1356727153203810305,False,,0,,new york city,,,,,,"[{'screen_name': 'Katallion', 'name': 'Kat 🏳️\u200d🌈', 'id': '335755304'}]",,,,
1356726175771549696,1356716825325805568,2021-02-02 16:08:21 Hora estándar del Centro,2021-02-02,16:08:21,-0600,17843715,queensarahsatur,Sarah Rachel Jacobs | #BOHICA #TANSTAAFL,,"@Y2JoshyJ @SirajAHashmi Yes. She's too crazy to hold office if she can't take hearing that someone almost got into her office. Read up on the early history of scuffles and worse violence in Congress. It's a dangerous job. It always has been. If she wants a safer job, she can take one where&gt;&gt;&gt;",en,[],[],[],2,0,0,[],[],https://twitter.com/QueenSarahSatur/status/1356726175771549696,False,,0,,new york city,,,,,,"[{'screen_name': 'Y2JoshyJ', 'name': 'Josh 🇺🇦', 'id': '819886285'}, {'screen_name': 'SirajAHashmi', 'name': 'Siraj Hashmi', 'id': '1129762164'}]",,,,
1356725202525319172,1356725202525319172,2021-02-02 16:04:29 Hora estándar del Centro,2021-02-02,16:04:29,-0600,2372140909,nypd45pct,NYPD 45th Precinct,,Our thoughts &amp; prayers are with the family and friends of Lt. Michael Boutte from Hancock County Sheriff's Office in Mississippi who was shot &amp; killed in the line of duty while responding to a call for a suicidal individual on 02/01/2021.  https://t.co/W3wRgJVZnp,en,[],[],['https://pbs.twimg.com/media/EtQOYXaWgAE2f7X.jpg'],1,3,15,[],[],https://twitter.com/NYPD45Pct/status/1356725202525319172,False,,1,https://pbs.twimg.com/media/EtQOYXaWgAE2f7X.jpg,new york city,,,,,,[],,,,
1356723938622115840,1356723938622115840,2021-02-02 15:59:28 Hora estándar del Centro,2021-02-02,15:59:28,-0600,3835001663,realdiaz413,David Diaz,,@BAT1STA I just got a call from my @Yankees Rep. But due to an untimely death in the family on NYE saying no to a ticket package is one of the hardest things to do. I will probably hit you up for a game or 2 my friend. I got the vaccine already.,en,"[{'screen_name': 'yankees', 'name': 'new york yankees', 'id': '40927173'}]",[],[],0,0,1,[],[],https://twitter.com/realDiaz413/status/1356723938622115840,False,,0,,new york city,,,,,,[],,,,
1356723629401272324,1356716825325805568,2021-02-02 15:58:14 Hora estándar del Centro,2021-02-02,15:58:14,-0600,17843715,queensarahsatur,Sarah Rachel Jacobs | #BOHICA #TANSTAAFL,,"@Y2JoshyJ @SirajAHashmi I've been through multiple sexual assaults, several of them rapes, some of them in the classroom where I attended the sixth grade, at the hands of my sixth-grade teacher. It is one of several things that has made completing school difficult for me.&gt;&gt;&gt;",en,[],[],[],2,0,0,[],[],https://twitter.com/QueenSarahSatur/status/1356723629401272324,False,,0,,new york city,,,,,,"[{'screen_name': 'Y2JoshyJ', 'name': 'Josh 🇺🇦', 'id': '819886285'}, {'screen_name': 'SirajAHashmi', 'name': 'Siraj Hashmi', 'id': '1129762164'}]",,,,
1356722433290551296,1356722433290551296,2021-02-02 15:53:29 Hora estándar del Centro,2021-02-02,15:53:29,-0600,559175202,anthonycurtis68,Anthony Curtis,,Dola ... you have the same rings on your fingers. Career was stagnant before the Pats. No one put a gun to your head. I’m beginning to hate this guy.,en,[],[],[],7,0,10,[],[],https://twitter.com/AnthonyCurtis68/status/1356722433290551296,False,https://twitter.com/TheHerd/status/1356707522866892800,0,,new york city,,,,,,[],,,,
1356721057240141827,1356721057240141827,2021-02-02 15:48:01 Hora estándar del Centro,2021-02-02,15:48:01,-0600,1140053012146282496,mauraconsedine,maura,,still thinking about the jagged reunion concert and how someone thought it would be cute to go right from that I would be good into head over feet.... that was so violent,en,[],[],[],0,0,12,[],[],https://twitter.com/mauraconsedine/status/1356721057240141827,False,,0,,new york city,,,,,,[],,,,
1356720578670039040,1356458365124280320,2021-02-02 15:46:07 Hora estándar del Centro,2021-02-02,15:46:07,-0600,1185975872651706375,mikedonaghy7,Mike,,@MattRyan30 @Bridget_P0pe @ZoabBonaventure @justinbaragona You will never understand America when you are looking from the lens of the media.  100% if that was a BLM protest and the person shot and killed was a black woman there would be a uproar,en,[],[],[],3,0,0,[],[],https://twitter.com/MikeDonaghy7/status/1356720578670039040,False,,0,,new york city,,,,,,"[{'screen_name': 'MattRyan30', 'name': 'Matthew', 'id': '127237137'}, {'screen_name': 'Bridget_P0pe', 'name': 'Bridget Pope', 'id': '2991512594'}, {'screen_name': 'justinbaragona', 'name': 'Justin Baragona', 'id': '143500773'}]",,,,
1356719942989729793,1356719942989729793,2021-02-02 15:43:35 Hora estándar del Centro,2021-02-02,15:43:35,-0600,1235672460529463313,jujufevry,Julian “Juju” Fevry,,"Is it just me or when you do HIT exercises, by the end of the work out, I start to believe that the instructors were fucking? #HIT #comedy",en,[],[],[],0,0,0,"['hit', 'comedy']",[],https://twitter.com/JujuFevry/status/1356719942989729793,False,,0,,new york city,,,,,,[],,,,
1356719860504539141,1356719860504539141,2021-02-02 15:43:16 Hora estándar del Centro,2021-02-02,15:43:16,-0600,3385048329,robabramowitz,Roberto Abramowitz,,That got FIVE PEOPLE KILLED!!,en,[],[],[],0,1,3,[],[],https://twitter.com/RobAbramowitz/status/1356719860504539141,False,https://twitter.com/Sethrogen/status/1356642915502616576,0,,new york city,,,,,,[],,,,
