,near,date,jaccard sim classification,jaccard sim score,sentiment,tweet
0,chicago,2021-02-02,health,0.4074074074074074,Negative,rape scene yikes
1,chicago,2021-02-02,health,0.75,Neutral,rephrase best production something many moving parts seen barstool worry season 1 hope get shot
2,chicago,2021-02-02,health,0.7037037037037037,Negative,kill others tell abuse officer knelt george floyd
3,chicago,2021-02-02,health,0.8148148148148148,Neutral,dont think im progressing ton cuz keep stopping world events confusing much content id even know main isnt kinda care think loot grinding fun murder
4,chicago,2021-02-02,health,0.6666666666666666,Negative,got fucking tattoo gun prepared amazing ass tattz
5,chicago,2021-02-02,health,0.8518518518518519,Neutral,got oculus looking games scoped pistol whip fence saw music instabuy put stuff give money plz
6,chicago,2021-02-02,health,0.4074074074074074,Negative,arteta ball harassment
7,chicago,2021-02-02,health,0.48148148148148145,Negative,damn hit wall hard asf
8,chicago,2021-02-02,social,0.75,Positive,joke chicago criminals heaven guy gets promoted
9,chicago,2021-02-02,social,0.5483870967741935,Neutral,hit em cherries grow learned st cajetan 1977
10,chicago,2021-02-02,health,0.5666666666666667,Neutral,gun shot firecracker 5 08pm
11,chicago,2021-02-02,health,0.4444444444444444,Negative,music weapon
12,chicago,2021-02-02,health,0.4482758620689655,Neutral,shaw still pitch would hit 10
13,chicago,2021-02-02,health,0.6428571428571429,Neutral,forwarding 7 months harassment hr employer
14,chicago,2021-02-02,health,0.8148148148148148,Negative,hate fear fear feel deepest feelings lives assaulted outraged know powerless pawns blind play social forces
15,chicago,2021-02-02,health,0.7037037037037037,Neutral,rape enabler getting chicago business foh cunty mcrapey
16,chicago,2021-02-02,health,0.7407407407407407,Neutral,nothing less arrested handcuffed amp indicted like sedition criminals proclaimed part still decency
17,chicago,2021-02-02,health,0.7931034482758621,Neutral,told true stories missiles downed malaysia airlines flight 17 ukraine chemical weapons used syrian dictator bashar al assad exposed kremlin hit teams found isis supporters europe
18,chicago,2021-02-02,health,0.7037037037037037,Neutral,wilder gonna hit man one time care long played football going
19,chicago,2021-02-02,health,0.5555555555555556,Negative,like end punch fuck family
20,dallas,2021-02-02,health,0.7,Neutral,gonna get tempo stats starts transition trying score within first 7 10 seconds shot clock shots rim kick opps reb chances set yes less standing dribbling good thing
21,dallas,2021-02-02,health,0.8518518518518519,Neutral,want shot state texas recognize teachers essential workers absolutely beyond freaking ridiculous open buildings since august
22,dallas,2021-02-02,health,0.5925925925925926,Negative,finna call niggas criminal minds cause trippin
23,dallas,2021-02-02,health,0.5925925925925926,Neutral,like man mix lil turn razors kick
24,dallas,2021-02-02,social,0.8571428571428571,Neutral,scared running path everyday cause jeffrey dauhmer stalked first victim figuring daily jogging route wanna murdered also live tiny suburb many options paths run like send help
25,dallas,2021-02-02,health,0.5714285714285714,Neutral,real question kill mikasa eren cause letting slide lol
26,dallas,2021-02-02,health,0.8148148148148148,Neutral,plantar fasciitis amp special cleats one w arch support insoles know got shot directly foot ouch especially doc moves needle north east south west amp look like gonna kick imagine look voit
27,dallas,2021-02-02,health,0.5555555555555556,Neutral,went utsw shot smooth process great news
28,dallas,2021-02-02,health,0.5517241379310345,Neutral,make dogecoin go viral time make dogecoin hit 1 00
29,dallas,2021-02-02,health,0.5517241379310345,Neutral,make dogecoin go viral time make dogecoin hit 1 00
30,dallas,2021-02-02,health,0.4074074074074074,Negative,kill dreams man
31,dallas,2021-02-02,health,0.8333333333333334,Neutral,love dak happened exactly sign long term deal terrible agent advice hope works running team throw around money market rate injured player hoping gets 100 wentz goff disasters
32,dallas,2021-02-02,health,0.65625,Neutral,anita hill never claimed joe biden raped accused clarence thomas sexual harassment biden called 2019 apologized interrogation put time
33,dallas,2021-02-02,health,0.5925925925925926,Neutral,lmaooo nosey nah fam scratch lmaoo actually hit hit car
34,dallas,2021-02-02,health,0.5185185185185185,Neutral,finally hit prestige
35,dallas,2021-02-02,health,0.4074074074074074,Positive,oh shot would love
36,dallas,2021-02-02,health,0.37037037037037035,Negative,tag line killed
37,dallas,2021-02-02,health,0.7777777777777778,Neutral,love getting machine strong looking man adding weights hurt ego bc fuck men
38,dallas,2021-02-02,health,0.3333333333333333,Neutral,shot sheriff
39,dallas,2021-02-02,health,0.6666666666666666,Negative,oh really threatening kill pretty damned important dont care people sleep
40,dallas,2021-02-02,health,0.5185185185185185,Neutral,run back hit em drum attack
41,dallas,2021-02-02,social,0.8214285714285714,Positive,obviously never want someone injured yes kind win win theo also george hill hurt trade stock bad play got hurt playing serviceable level contender
42,dallas,2021-02-02,health,0.6071428571428571,Neutral,one extra trip hurt jkjkjk wait come back
43,dallas,2021-02-02,health,0.4444444444444444,Negative,stop shooting gah damn
44,dallas,2021-02-02,health,0.4444444444444444,Negative,times seen go attack
45,dallas,2021-02-02,health,0.4074074074074074,Negative,else besides sexual assault
46,dallas,2021-02-02,health,0.7037037037037037,Neutral,heart attack getting email graduate school office amp update application
47,dallas,2021-02-02,social,0.7931034482758621,Neutral,kyle john better stop bs get us legit qb stop playing rest nfc west upgraded kick ass every season
48,dallas,2021-02-02,health,0.6666666666666666,Positive,congrats roger g hit bronze level outstanding service
49,dallas,2021-02-02,social,0.7741935483870968,Neutral,lenningrad full trump deserves impeachment planned violent overthrow democracy 1 5 21 residence nyc w daniel beck known rwnj riot planned trump hes responsible 5dead impeach trump amp confirm garland right u know
50,dallas,2021-02-02,health,0.8148148148148148,Negative,say wassup looked dumbfounded confused like oh shit scared tired waiting got swinging nigga hit floor tried grab ankles
51,dallas,2021-02-02,health,0.5555555555555556,Negative,range violation hurt attempt
52,dallas,2021-02-02,social,0.7666666666666667,Neutral,terrible injury would pay market cost 37m year unless savings long term deal nothing negotiate agent gave terrible advice last year got hurt happens bye bye guaranteed
53,dallas,2021-02-02,health,0.6785714285714286,Neutral,think finna hit 2 days tuesdays amp thursday starting next week
54,dallas,2021-02-02,health,0.6666666666666666,Negative,bro nobody told akame ga kill fye ngl hate keep killing main people
55,dallas,2021-02-02,health,0.8888888888888888,Neutral,behalf men women department extend deepest condolences families special agents alfin amp schwartzenberger prayers also wounded agents recovery
56,dallas,2021-02-02,health,0.8518518518518519,Neutral,sarah felt uncomfortable finish brunch guys killed people tried overthrow government
57,dallas,2021-02-02,health,0.8148148148148148,Neutral,people every day risking lives us thinking two fbi agents killed morning florida
58,dallas,2021-02-02,health,0.5185185185185185,Negative,retweeting white violence month
59,dallas,2021-02-02,health,0.8888888888888888,Neutral,nra gun nuts like texas governor abbott lamented fewer guns california push lethal assault rifles conspiracy theories boot florida blame marco rubio refusal make life safer
60,dallas,2021-02-02,health,0.8148148148148148,Neutral,lot people showing take home runs every hit term must take risks become wealthy comes mind ppl ask kind risks taking based risk tolerance thought risk tolerance
61,dallas,2021-02-02,health,0.7037037037037037,Neutral,lil niece woke chose violence following steps today
62,dallas,2021-02-02,health,0.7777777777777778,Neutral,please nobody offer shot weekend unless plan carry home let sip white claw peace know say bar low hell well tolerance hell
63,dallas,2021-02-02,health,0.8518518518518519,Neutral,got free alexa device use mug nothin else except wake alarm playing music idek half shit
64,dallas,2021-02-02,health,0.8148148148148148,Positive,yesterday sun reflecting rainbows bird flew shot divine timing best thank everyday
65,dallas,2021-02-02,health,0.5555555555555556,Neutral,way go treasure go kick butt
66,dallas,2021-02-02,health,0.5357142857142857,Neutral,mfs get hurt type quality ppl
67,dallas,2021-02-02,health,0.4827586206896552,Negative,hell season 14 finale criminal minds
68,dallas,2021-02-02,health,0.8214285714285714,Neutral,want guns got probably shoot em better worried universal background check going take away guns focused getting violent crime situation control 2a dude
69,dallas,2021-02-02,health,0.7586206896551724,Neutral,check kid video definitely gamers also subscribe murder park nba 2k21 via
70,dallas,2021-02-02,health,0.37037037037037035,Neutral,shot dino mite
71,dallas,2021-02-02,health,0.7407407407407407,Neutral,convenient thing sucked hit tollway downtown drive back late nights events lovely
72,dallas,2021-02-02,social,0.7666666666666667,Neutral,good shepherd john 10 10 11 thief cometh steal kill destroy come might life might abundantly good shepherd good shepherd giveth life sheep
73,dallas,2021-02-02,health,0.6666666666666666,Negative,woke bloody ear lmao forgot took hard ass hit yesterday
74,dallas,2021-02-02,health,0.5185185185185185,Neutral,oof rent hit little harder usual
75,dallas,2021-02-02,health,0.7037037037037037,Neutral,signed let make ending traffic violence national priority
76,dallas,2021-02-02,health,0.7407407407407407,Negative,traffic violence public health crisis ignored federal level far long leading usdot opportunity change
77,dallas,2021-02-02,health,0.5925925925925926,Negative,wait criminal minds took weird turn
78,dallas,2021-02-02,health,0.6666666666666666,Positive,id like say killed workout morning feel good
79,dallas,2021-02-02,health,0.2962962962962963,Neutral,shooting shot
80,dallas,2021-02-02,health,0.8148148148148148,Neutral,heart breaks every single victim sexual assault please remember alone take care others today every day
81,dallas,2021-02-02,health,0.6296296296296297,Neutral,left red beans counter im hurt
82,dallas,2021-02-02,social,0.75,Neutral,hey join us tonight kick chat series big top flying high assessment joining us
83,dallas,2021-02-02,health,0.7037037037037037,Neutral,really live ganging sir move hit crew sports coat watch faint
84,dallas,2021-02-02,health,0.8518518518518519,Neutral,free kick taken senior gabe rodriguez vs lewisville district literally came night
85,dallas,2021-02-02,health,0.6296296296296297,Neutral,good sexual relations woman came
86,dallas,2021-02-02,health,0.48148148148148145,Negative,brain meatses hurt right
87,dallas,2021-02-02,health,0.6206896551724138,Neutral,reloaded bb gun 300 shares total walking away rest day
88,dallas,2021-02-02,health,0.6666666666666666,Neutral,wake told better person instead chose violence
89,dallas,2021-02-02,health,0.7777777777777778,Negative,confident women get harassed confident women get sexually assaulted confident women get raped shut dude
90,dallas,2021-02-02,social,0.696969696969697,Neutral,online life insurance companies hit shiny object concept 200k 13 mo would need healthy damn kangaroo run 4 4 sprint grab picky internet means grab agent speak
91,dallas,2021-02-02,health,0.8148148148148148,Neutral,like cool pta mom everyone likes gets along one time baby chick gets hurt hes walking accross radio row like
92,dallas,2021-02-02,health,0.5555555555555556,Positive,nice shot great tuesday
93,dallas,2021-02-02,health,0.8518518518518519,Neutral,poc witnessed white mob violence know could end death fact werent scared enough testament privilege even dont recognize
94,dallas,2021-02-02,health,0.5555555555555556,Negative,right id kill significant run
95,dallas,2021-02-02,health,0.6296296296296297,Neutral,shot day going work giving things time today
96,dallas,2021-02-02,health,0.7407407407407407,Neutral,world eva stop hurtin mind gone soul hurt still gotta pay dem bills time still going
97,dallas,2021-02-02,health,0.6896551724137931,Neutral,satans coffee mug magma least 90 minutes damn devil bishop arts district
98,dallas,2021-02-02,health,0.4074074074074074,Negative,damn attack titan damn heck
99,dallas,2021-02-02,health,0.7407407407407407,Neutral,soon heard issue w lebron led believe man beneficiary came game choose violence
100,dallas,2021-02-02,social,0.6896551724137931,Neutral,got injured 2 months ago working last job amp hoe n
101,dallas,2021-02-02,health,0.6666666666666666,Negative,woke amp chose violence today
102,dallas,2021-02-02,social,0.6896551724137931,Neutral,gimme dat nut hit micheal jackson doctor get squared away
103,dallas,2021-02-02,health,0.5185185185185185,Negative,wide night shift gone kill
104,dallas,2021-02-02,health,0.8148148148148148,Neutral,baby one white bitch give commend degree fall twice got foot punctured got shot amp ended fighting mud survived
105,dallas,2021-02-02,social,0.71875,Neutral,joe amp always dino joe rides sides fence manchin needs 2 know dems support convicting trump joe needs 2 know future riding support 4 trump 4 usa trumps guilty trying 2 overthrow us govt violence 1 6 21 true
106,dallas,2021-02-02,health,0.7777777777777778,Neutral,mugs getting years considering loyal blood starts oozing stab wounds back never see coming lol
107,dallas,2021-02-02,health,0.48148148148148145,Neutral,better hit nae nae get whoopin
108,dallas,2021-02-01,health,0.6666666666666666,Neutral,hit bong mind business like always
109,dallas,2021-02-01,health,0.7407407407407407,Neutral,knows bron slap thing happens streets ends badly known many men got killed behind shit girl escalated
110,dallas,2021-02-01,health,0.5185185185185185,Neutral,ceviche would hit right
111,dallas,2021-02-01,health,0.6296296296296297,Neutral,think whoever needs fired kick puppies
112,dallas,2021-02-01,health,0.6296296296296297,Negative,tattoos thing supposed hurt actually hurt
113,dallas,2021-02-01,health,0.7419354838709677,Neutral,trump senate gop domestic terrorists must really something sex w animals video taking bribe video trump 1 5 21 met w insurrectionist daniel beck 2 plan violent overthrow govt rally1 6 21 unnamed congress ppl attended nyc mtg 2
114,dallas,2021-02-01,health,0.8148148148148148,Neutral,excuse disrespectful rude could please take post great uncle thomason killed cotton picking machine idk even know need take please
115,dallas,2021-02-01,health,0.7037037037037037,Neutral,trying call accidentally hit name obviously
116,dallas,2021-02-01,social,0.5357142857142857,Negative,bachelor shot jeopardy chaser
117,dallas,2021-02-01,health,0.4444444444444444,Negative,truly live violence
118,dallas,2021-02-01,health,0.6666666666666666,Negative,woke chose violence today stop playing w
119,dallas,2021-02-01,health,0.7777777777777778,Neutral,pandemic officially going start back shooting videos
120,san antonio,2021-02-03,health,0.7142857142857143,Neutral,expression bloated mug makes think somewhere inserted hindquarters
121,san antonio,2021-02-03,health,0.48148148148148145,Negative,nah shot put clapping gun
122,san antonio,2021-02-03,health,0.8518518518518519,Negative,zephi victim sex trafficking amp considered culpable victimization child victims rape blamed perpetrators actions
123,san antonio,2021-02-03,health,0.7407407407407407,Neutral,head throbbing back hurts ovaries hurt might pop choccy
124,san antonio,2021-02-03,health,0.5555555555555556,Negative,assaulted arrested peaceful protest dropped charges
125,san antonio,2021-02-03,health,0.2222222222222222,Negative,kick ass
126,san antonio,2021-02-03,health,0.7037037037037037,Neutral,literally witnessing women foam mouth right trey songz months ago dragging mud assault allegations
127,san antonio,2021-02-03,health,0.7407407407407407,Neutral,breaking released photos person truck authorities believe connected shooting balcones heights officer
128,san antonio,2021-02-03,health,0.6571428571428571,Negative,zephi sex trafficking victim accused commiting capital murder trying charged adult crime commit call da john creuzot amp urge drop charges 214 653 3600
129,san antonio,2021-02-03,health,0.37037037037037035,Negative,bitch kill vibe
130,san antonio,2021-02-03,health,0.8214285714285714,Neutral,shows despicable gop values cut cheney q ther violent racist antisemitic spews unbelievable gop embraces trash like amp amp gop radical future
131,san antonio,2021-02-03,health,0.7857142857142857,Neutral,agreement policy rep chaney take policy differences day white supremist violent nut case like q queen shows low cowardly gop esp must go
132,san antonio,2021-02-03,health,0.8148148148148148,Neutral,lied bobbed weaved avoided accountability nothing delivered sapd murder footage pried hands city manager freely shared councilmembers months
133,san antonio,2021-02-03,health,0.5185185185185185,Neutral,balcones heights pig shot
134,san antonio,2021-02-03,health,0.5555555555555556,Negative,character alexis davis needs killed
135,san antonio,2021-02-03,health,0.8148148148148148,Neutral,biden win yet dems still obsessed trump supporters media wh senate house want trump supporters killed look followers tweets scary stuff us still free boycott whoever want least
136,san antonio,2021-02-03,health,0.5925925925925926,Negative,bad day kidneys hurt body hurts really tired
137,san antonio,2021-02-03,health,0.7407407407407407,Neutral,balcones heights officials confirm officer shot taken hospital word condition
138,san antonio,2021-02-03,health,0.42857142857142855,Neutral,trynna squad razz hit us
139,san antonio,2021-02-03,health,0.6296296296296297,Neutral,shooting mom house pissed literally street house
140,new york city,2021-02-02,health,0.8214285714285714,Neutral,please condemn violence indian government bjp farmers government even letting protest pease n free speech internet text n phones cut also drinking water n electric connection cut well thx u
141,new york city,2021-02-02,health,0.7777777777777778,Neutral,move need parking spot always drive way able gonna hurt
142,new york city,2021-02-02,health,0.4444444444444444,Neutral,yo fav nigga wanna hit
143,new york city,2021-02-02,social,0.8571428571428571,Negative,feel victims bullshit women manipulated statement makes clear jesus christ wonder people wait long come assault many replies shittiest insulting takes
144,new york city,2021-02-02,social,0.7666666666666667,Neutral,got big story tell ppl sticks stones break bones words hurt hating ass people get youtube tell story got facebook jail 30 days mountain business smh
145,new york city,2021-02-02,health,0.7037037037037037,Neutral,closest friends bullshit naashia ion really kick w nobody
146,new york city,2021-02-02,health,0.5555555555555556,Neutral,anyone tries hurt take personally
147,new york city,2021-02-02,health,0.7037037037037037,Neutral,assad going kill soon iran porblerm going fix going dostorid atomic places iran
148,new york city,2021-02-02,health,0.5925925925925926,Negative,rep describes trauma capitol attack
149,new york city,2021-02-02,health,0.7037037037037037,Neutral,vaccines must mandated otherwise going situation violence anti vaxxers
150,new york city,2021-02-02,health,0.14285714285714285,Neutral,hit 1
151,new york city,2021-02-02,social,0.8928571428571429,Neutral,like arab kill us jewish syria never like arab truth nazi including iran open eys make peace arafat jewish kill bus isarel
152,new york city,2021-02-02,health,0.8571428571428571,Neutral,get one hit wonder versus lumidee wayne wonder d4l young gunz field mob nappy roots bonecrusher khia nina sky eamon
153,new york city,2021-02-02,health,0.6666666666666666,Positive,ask consider friend watch hurt lmao
154,new york city,2021-02-02,health,0.7777777777777778,Negative,one protection temporary trespass another protection wilful death shoot someone dying stumbles agony onto property guilty murder
155,new york city,2021-02-02,health,0.7586206896551724,Neutral,sexually assaulted insurrection personal account events jan 6th saying full hot air everyone thread speaking personal pov yet one actually deals daily basis
156,new york city,2021-02-02,health,0.6666666666666666,Negative,sexy go girl bad self try hurt anybody
157,new york city,2021-02-02,health,0.4074074074074074,Negative,kick ass thats talking
158,new york city,2021-02-02,health,0.6296296296296297,Neutral,oh nah spencer dem losin one point cause missed kick cold
159,new york city,2021-02-02,health,0.8518518518518519,Neutral,check new vlog past vlogs make sure hit subscribe button stay updated thanks everyone amazing support especially past months
160,new york city,2021-02-02,health,0.48148148148148145,Neutral,feel like got hit truck
161,new york city,2021-02-02,health,0.6666666666666666,Negative,legs bit sore still workout saturday kind cardio kill lol
162,new york city,2021-02-02,health,0.7142857142857143,Neutral,fbi identifies 2 agents killed florida serving warrant violent crimes children case via
163,new york city,2021-02-02,health,0.6666666666666666,Neutral,ur brother also said instead little bitch said would chop head ever hurt u still would
164,new york city,2021-02-02,health,0.8148148148148148,Neutral,none makes sense whatsoever importantly hardly violent communist fact work health care volunteer red cross disasters would like learn instead telling
165,new york city,2021-02-02,health,0.5925925925925926,Neutral,hit pandemic wall shirt already mail
166,new york city,2021-02-02,health,0.7037037037037037,Neutral,lol im sure get another way let someone else kick balls
167,new york city,2021-02-02,health,0.8518518518518519,Neutral,ate haitian food ordered uber eats amp slapped craving turkey wings got turkey sauce black rice macaroni amp cheese hit spot drowsy
168,new york city,2021-02-02,health,0.6666666666666666,Neutral,let us never forget de blasio killed groundhog
169,new york city,2021-02-02,health,0.5925925925925926,Negative,hurt feelings today
170,new york city,2021-02-02,health,0.7407407407407407,Neutral,time get ball stolen strategy immediately turns attack every player immediately
171,new york city,2021-02-02,social,0.8571428571428571,Neutral,yes shes crazy hold office cant take hearing someone almost got office read early history scuffles worse violence congress dangerous job always wants safer job take one gt gt gt
172,new york city,2021-02-02,health,0.7333333333333333,Neutral,thoughts amp prayers family friends lt michael boutte hancock county sheriffs office mississippi shot amp killed line duty responding call suicidal individual 02 01 2021
173,new york city,2021-02-02,health,0.7857142857142857,Neutral,got call rep due untimely death family nye saying ticket package one hardest things probably hit game 2 friend got vaccine already
174,new york city,2021-02-02,health,0.7407407407407407,Neutral,ive multiple sexual assaults several rapes classroom attended sixth grade hands sixth grade teacher one several things made completing school difficult gt gt gt
175,new york city,2021-02-02,health,0.7037037037037037,Neutral,dola rings fingers career stagnant pats one put gun head beginning hate guy
176,new york city,2021-02-02,social,0.75,Neutral,still thinking jagged reunion concert someone thought would cute go right would good head feet violent
177,new york city,2021-02-02,health,0.7241379310344828,Neutral,never understand america looking lens media 100 blm protest person shot killed black woman would uproar
178,new york city,2021-02-02,health,0.7777777777777778,Neutral,hit exercises end work start believe instructors fucking
179,new york city,2021-02-02,health,0.4444444444444444,Negative,got five people killed
180,philadelphia,2021-02-03,health,0.7407407407407407,Neutral,golden globe nomination emily paris truly chose violence
181,philadelphia,2021-02-03,health,0.75,Neutral,sir nubius extraterrestrial geo radiating orbiters nearly online reckoning hand q patriots wont know hit
182,philadelphia,2021-02-03,health,0.8518518518518519,Neutral,gonna problems shooting amp provide great defense ability physically shoot basket andrew gaze sit chair designated shooter
183,philadelphia,2021-02-03,health,0.7407407407407407,Negative,represent hate violence racist bullying disrespect psycho behavior represent americans need removed immediately
184,philadelphia,2021-02-03,health,0.37037037037037035,Neutral,start shooting
185,philadelphia,2021-02-03,health,0.37037037037037035,Positive,great point
186,philadelphia,2021-02-03,health,0.8518518518518519,Neutral,today read statement one rep omars constituents rabbi said met apologized disavowed remarks greene going meet hurt apologize publically disavow position
187,philadelphia,2021-02-03,health,0.5806451612903226,Neutral,hit decade november havent okay since like 2014
188,philadelphia,2021-02-03,health,0.5185185185185185,Neutral,memory dustin diamond hit
189,philadelphia,2021-02-03,health,0.8518518518518519,Neutral,maybe congressional colleagues think even racist anti semitic white supremacy entitled represented congress know like mass murderers entitled criminal defense attorney fairness thing ya think
190,philadelphia,2021-02-03,health,0.3333333333333333,Positive,alright might hit
191,philadelphia,2021-02-03,health,0.6666666666666666,Negative,animals attack people savages three share one brain cell
192,philadelphia,2021-02-03,health,0.6451612903225806,Neutral,many questions 1 happened aaron carter 2 aaron carter 3 sure aaron carter machine gun kelly stunt double
193,philadelphia,2021-02-03,health,0.6363636363636364,Neutral,win today trey shinholster led 17 mark butler 12 amp sam davies chipped 11 points 9 10 players hit scoresheet quakers
194,philadelphia,2021-02-03,social,0.8214285714285714,Neutral,last time guys eyed distance bedroom window ground wondering might hurt amp importantly stupid youll look jump cats intents purposes locked bedroom never
195,philadelphia,2021-02-03,health,0.4074074074074074,Negative,new shit hit different
196,philadelphia,2021-02-03,health,0.5517241379310345,Neutral,hit 1 moving dubai hit 10 goin alil vacay
197,philadelphia,2021-02-03,health,0.7407407407407407,Negative,idk dystopia worst attack titan promised neverland four years trump
198,philadelphia,2021-02-03,health,0.7142857142857143,Neutral,meanwhile officer sicknick murdered 2 time loser popular vote incited insurrection america
199,philadelphia,2021-02-03,health,0.8148148148148148,Neutral,running sets homies shooting shit always better call online events charity good cause days cause tryna fully compete online stress
200,phoenix,2021-02-02,social,0.6071428571428571,Negative,jawsh really chose violence today
201,phoenix,2021-02-02,health,0.7407407407407407,Neutral,goods sitting pres time went forward civil suit time civil conviction fraud amp misuse foundation funds personal use fraud could still face state criminal charges well
202,phoenix,2021-02-02,health,0.6296296296296297,Negative,favorite submarine book kill potemkin
203,phoenix,2021-02-02,health,0.7333333333333333,Neutral,hi friendly neighborhood cheese back agian ask help get 1500 follow 5 sub tonight come stop
204,phoenix,2021-02-02,health,0.9259259259259259,Neutral,reality build elite defense solid scheme adding talent executing talent typical person would look az say need invest dt running back win games passing offense opens hmm
205,phoenix,2021-02-02,health,0.5185185185185185,Negative,sex sex sex forget violence
206,phoenix,2021-02-02,health,0.6333333333333333,Neutral,earth hit 4 leg english premier league parlay beyond 300 richer
207,phoenix,2021-02-02,health,0.8148148148148148,Neutral,im huge crenshaw fan theres one blinding error album credits crazy written wille nelson patsy cline patsy made hit
208,phoenix,2021-02-02,health,0.5925925925925926,Negative,time time gun control policies naturally support claim gun control racist
209,phoenix,2021-02-02,health,0.6296296296296297,Neutral,hit chris brown go crazy clearly charlotte wants stay
210,phoenix,2021-02-02,health,0.7037037037037037,Neutral,doctors nurses need take day second shot reaction draining always treat people like chattel
211,phoenix,2021-02-02,health,0.7,Neutral,much owe president proposed gun control plan math let know much owe course boating trip 200 assault weapon 200 magazine holds 11 rounds
212,phoenix,2021-02-02,health,0.7777777777777778,Neutral,fully inoculated three weeks second shot maybe worry educating
213,phoenix,2021-02-02,health,0.7419354838709677,Neutral,count maybe half teams could make moves really outlier year given saw multiple qbs 2004 class earlier hit retirement two could brady ben nearing end one aaron saw first round qb taken
214,phoenix,2021-02-02,health,0.37037037037037035,Negative,shot sasha fuck
215,phoenix,2021-02-02,health,0.4666666666666667,Neutral,troll hit 50th day 110 summer
216,phoenix,2021-02-02,health,0.7407407407407407,Neutral,need assistance moms laptop help microphone working done trouble shooting rebooted
217,phoenix,2021-02-02,health,0.8148148148148148,Neutral,could watch documentaries listen podcasts murder missing person cases like day still sleep like baby night watch episode hoarders nightmares roaches rats crawling around everywhere wake sweaty nervous
218,phoenix,2021-02-02,health,0.7857142857142857,Neutral,cant believe going vaccinate criminals gitmo running country bunch yahoo doesnt know never seen country bad 55 years unconstitutional impeachment american people needs help
219,phoenix,2021-02-02,health,0.5357142857142857,Neutral,1 feel like hit bus today
220,phoenix,2021-02-02,health,0.8571428571428571,Neutral,think offense designed routes fitz get targets spite age lack deep routes slot bills receiver 6 foot excelled diggs brown beasley guys get open ease
221,phoenix,2021-02-02,health,0.8518518518518519,Neutral,would impressive production stepped air something wait girl finally hurt enough speak watched absolutely disgusting women deserve air time nasty
222,phoenix,2021-02-02,social,0.0,,
223,phoenix,2021-02-02,health,0.7777777777777778,Neutral,brilliant strategy actually let cernovich act attack dog serious candidates focus policy looking professional
224,phoenix,2021-02-02,social,0.5,Neutral,putin tries kill jails take opponents
225,phoenix,2021-02-02,health,0.5185185185185185,Neutral,bro bout kill entire year yikes
226,phoenix,2021-02-02,health,0.4444444444444444,Negative,gonna kill proud
227,phoenix,2021-02-02,health,0.5517241379310345,Neutral,harass orphaned kid 10 years type love
228,phoenix,2021-02-02,health,0.5555555555555556,Neutral,arizona weather starting kick
229,phoenix,2021-02-02,health,0.7037037037037037,Neutral,crossfaded last night hit bong without water wtf man
230,phoenix,2021-02-02,health,0.6666666666666666,Neutral,fine hurt shooting u give ball earlier want take shot
231,phoenix,2021-02-02,social,0.7931034482758621,Neutral,whos joining day one online dynasty warning attack number 1 recruits entire season even im top teams steal bowl week
232,phoenix,2021-02-02,health,0.6296296296296297,Neutral,childhood whip nae nae officially killed cousin
233,phoenix,2021-02-02,health,0.7857142857142857,Neutral,got outplayed game 5 draymond suspended bogut got hurt play rest series iggy got hurt game 5 changed everything allowed follow whoever want follow lots nba reporters
234,phoenix,2021-02-02,health,0.6666666666666666,Neutral,miss seeing hit blinkers blowing smoke face
235,phoenix,2021-02-02,health,0.6296296296296297,Positive,every single time think hurt making easier care
236,phoenix,2021-02-02,health,0.5185185185185185,Neutral,hangovers hit different
237,phoenix,2021-02-02,health,0.4444444444444444,Positive,georgia butt hurt good good
238,phoenix,2021-02-02,health,0.8888888888888888,Neutral,goddamned n try play better watch say shot prod link bio full visual tempe arizona
239,phoenix,2021-02-02,health,0.7037037037037037,Negative,saving bitch eyesbrows shut kill
240,phoenix,2021-02-02,health,0.5925925925925926,Neutral,morning workouts hit different
241,phoenix,2021-02-02,social,0.65625,Neutral,someone please tell anyone held five counts murder january 6th 2021 five human lifes stolen january 6 due donald trumps lies still charges anyone im discouraged
242,phoenix,2021-02-02,health,0.7777777777777778,Neutral,calling hallway people clearing building attempting murder turn hundreds thousands times done work
243,phoenix,2021-02-02,health,0.7,Neutral,happy tuesday rise grind amp hustle mind powerful weapon invest knowledge strong mental health motivation 02 02 2021 via
244,phoenix,2021-02-02,health,0.6071428571428571,Negative,officers unnecessarily assaulted 9 year girl yesterday wtf
245,phoenix,2021-02-02,social,0.8214285714285714,Neutral,offense english voice actors haikyuu suck compared japanese voice actors fault though japanese voice actors beautiful voices cant anything
246,phoenix,2021-02-02,health,0.5925925925925926,Neutral,shooting shot lmfao inserting image every time
247,phoenix,2021-02-02,health,0.9259259259259259,Neutral,know one love calendly link cold email adds value personalized obvious next step book call hit reply rude sending less emails confused
248,phoenix,2021-02-02,social,0.8571428571428571,Positive,many love deeply grateful service stand beside end journeys sister faith people powerful insist truth amp accountability incited carried terrible attack capitol
249,phoenix,2021-02-01,health,0.7407407407407407,Negative,thank stop reading watching pain hurt endured lately standing stall fierce ready kick ass thank standing working class like
250,phoenix,2021-02-01,health,0.37037037037037035,Neutral,kick trump us
251,phoenix,2021-02-01,health,0.6666666666666666,Neutral,big palm os kick lately anyone got dope palm pilot game recs
252,phoenix,2021-02-01,health,0.7037037037037037,Negative,parents busy watching murder wrote
253,phoenix,2021-02-01,health,0.8928571428571429,Neutral,harrowing account aoc went heart breaks amp everyone affected deserve justice alexandria ocasio cortez recounts fear going die capitol attack
254,phoenix,2021-02-01,health,0.7142857142857143,Neutral,really bad reaction first shot lol keep hearing 2nd shot worse
255,phoenix,2021-02-01,health,0.75,Neutral,ima need fade cuhkz hit nigga like 4 months ago new number
256,phoenix,2021-02-01,health,0.2962962962962963,Neutral,shot book sheesh
257,phoenix,2021-02-01,health,0.5555555555555556,Neutral,cam never hits shot crunch time lol
258,phoenix,2021-02-01,health,0.8148148148148148,Neutral,telling story people might take flexing trying impress people reality hit different really changed around become different person
259,phoenix,2021-02-01,health,0.8148148148148148,Neutral,also men less likely women report things happen data often happens could potentially worse thought especially since take female violence seriously violence men seriously
260,phoenix,2021-02-01,health,0.5925925925925926,Negative,clumsy risk hit send accident
261,phoenix,2021-02-01,social,0.7857142857142857,Negative,worst practical joke ever fun games millions get hurt die
262,phoenix,2021-02-01,health,0.6296296296296297,Positive,perfect combo happy shooting
263,phoenix,2021-02-01,health,0.8518518518518519,Neutral,next comic going die hard woman diffuse hostage situation every kill making boobs bigger making cumbersome target
264,phoenix,2021-02-01,health,0.6333333333333333,Positive,win 40 lol amare injured lb good yet breakout season next year
265,phoenix,2021-02-01,health,0.7037037037037037,Neutral,anyone sees black eye dog punched trying cuddle
266,phoenix,2021-02-01,health,0.6666666666666666,Neutral,getting hit smell incense walked church calming effects
267,phoenix,2021-02-01,health,0.6666666666666666,Neutral,oh wanna talk anymore awww hurt feelings
268,phoenix,2021-02-01,social,0.6428571428571429,Neutral,watch hit jumpers game long
269,phoenix,2021-02-01,health,0.5357142857142857,Neutral,one 3 pointer life line got taking shot
270,phoenix,2021-02-01,health,0.4444444444444444,Neutral,kathie wanting kick matt
271,phoenix,2021-02-01,health,0.8148148148148148,Neutral,trump killed republican party time party needs cleansed demons cast im democrat believe two party system loony tunes second party conspiracy theories welcome stick facts reality
272,phoenix,2021-02-01,health,0.6206896551724138,Neutral,pg shooting 36 floor yikes even spread
273,phoenix,2021-02-01,health,0.4444444444444444,Neutral,ronin mug arcadia arizona
274,phoenix,2021-02-01,health,0.6666666666666666,Negative,psycho still office expell ass threatening kill people
275,phoenix,2021-02-01,health,0.5185185185185185,Negative,arms get hella sore hurt bad
276,chicago,2021-02-02,health,0.4074074074074074,Negative,rape scene yikes
277,chicago,2021-02-02,health,0.75,Neutral,rephrase best production something many moving parts seen barstool worry season 1 hope get shot
278,chicago,2021-02-02,health,0.7037037037037037,Negative,kill others tell abuse officer knelt george floyd
279,chicago,2021-02-02,health,0.8148148148148148,Neutral,dont think im progressing ton cuz keep stopping world events confusing much content id even know main isnt kinda care think loot grinding fun murder
280,chicago,2021-02-02,health,0.6666666666666666,Negative,got fucking tattoo gun prepared amazing ass tattz
281,chicago,2021-02-02,health,0.8518518518518519,Neutral,got oculus looking games scoped pistol whip fence saw music instabuy put stuff give money plz
282,chicago,2021-02-02,health,0.4074074074074074,Negative,arteta ball harassment
283,chicago,2021-02-02,health,0.48148148148148145,Negative,damn hit wall hard asf
284,chicago,2021-02-02,social,0.75,Positive,joke chicago criminals heaven guy gets promoted
285,chicago,2021-02-02,social,0.5483870967741935,Neutral,hit em cherries grow learned st cajetan 1977
286,chicago,2021-02-02,health,0.5666666666666667,Neutral,gun shot firecracker 5 08pm
287,chicago,2021-02-02,health,0.4444444444444444,Negative,music weapon
288,chicago,2021-02-02,health,0.4482758620689655,Neutral,shaw still pitch would hit 10
289,chicago,2021-02-02,health,0.6428571428571429,Neutral,forwarding 7 months harassment hr employer
290,chicago,2021-02-02,health,0.8148148148148148,Negative,hate fear fear feel deepest feelings lives assaulted outraged know powerless pawns blind play social forces
291,chicago,2021-02-02,health,0.7037037037037037,Neutral,rape enabler getting chicago business foh cunty mcrapey
292,chicago,2021-02-02,health,0.7407407407407407,Neutral,nothing less arrested handcuffed amp indicted like sedition criminals proclaimed part still decency
293,chicago,2021-02-02,health,0.7931034482758621,Neutral,told true stories missiles downed malaysia airlines flight 17 ukraine chemical weapons used syrian dictator bashar al assad exposed kremlin hit teams found isis supporters europe
294,chicago,2021-02-02,health,0.7037037037037037,Neutral,wilder gonna hit man one time care long played football going
295,chicago,2021-02-02,health,0.5555555555555556,Negative,like end punch fuck family
296,dallas,2021-02-02,health,0.7,Neutral,gonna get tempo stats starts transition trying score within first 7 10 seconds shot clock shots rim kick opps reb chances set yes less standing dribbling good thing
297,dallas,2021-02-02,health,0.8518518518518519,Neutral,want shot state texas recognize teachers essential workers absolutely beyond freaking ridiculous open buildings since august
298,dallas,2021-02-02,health,0.5925925925925926,Negative,finna call niggas criminal minds cause trippin
299,dallas,2021-02-02,health,0.5925925925925926,Neutral,like man mix lil turn razors kick
300,dallas,2021-02-02,social,0.8571428571428571,Neutral,scared running path everyday cause jeffrey dauhmer stalked first victim figuring daily jogging route wanna murdered also live tiny suburb many options paths run like send help
301,dallas,2021-02-02,health,0.5714285714285714,Neutral,real question kill mikasa eren cause letting slide lol
302,dallas,2021-02-02,health,0.8148148148148148,Neutral,plantar fasciitis amp special cleats one w arch support insoles know got shot directly foot ouch especially doc moves needle north east south west amp look like gonna kick imagine look voit
303,dallas,2021-02-02,health,0.5555555555555556,Neutral,went utsw shot smooth process great news
304,dallas,2021-02-02,health,0.5517241379310345,Neutral,make dogecoin go viral time make dogecoin hit 1 00
305,dallas,2021-02-02,health,0.5517241379310345,Neutral,make dogecoin go viral time make dogecoin hit 1 00
306,dallas,2021-02-02,health,0.4074074074074074,Negative,kill dreams man
307,dallas,2021-02-02,health,0.8333333333333334,Neutral,love dak happened exactly sign long term deal terrible agent advice hope works running team throw around money market rate injured player hoping gets 100 wentz goff disasters
308,dallas,2021-02-02,health,0.65625,Neutral,anita hill never claimed joe biden raped accused clarence thomas sexual harassment biden called 2019 apologized interrogation put time
309,dallas,2021-02-02,health,0.5925925925925926,Neutral,lmaooo nosey nah fam scratch lmaoo actually hit hit car
310,dallas,2021-02-02,health,0.5185185185185185,Neutral,finally hit prestige
311,dallas,2021-02-02,health,0.4074074074074074,Positive,oh shot would love
312,dallas,2021-02-02,health,0.37037037037037035,Negative,tag line killed
313,dallas,2021-02-02,health,0.7777777777777778,Neutral,love getting machine strong looking man adding weights hurt ego bc fuck men
314,dallas,2021-02-02,health,0.3333333333333333,Neutral,shot sheriff
315,dallas,2021-02-02,health,0.6666666666666666,Negative,oh really threatening kill pretty damned important dont care people sleep
316,dallas,2021-02-02,health,0.5185185185185185,Neutral,run back hit em drum attack
317,dallas,2021-02-02,social,0.8214285714285714,Positive,obviously never want someone injured yes kind win win theo also george hill hurt trade stock bad play got hurt playing serviceable level contender
318,dallas,2021-02-02,health,0.6071428571428571,Neutral,one extra trip hurt jkjkjk wait come back
319,dallas,2021-02-02,health,0.4444444444444444,Negative,stop shooting gah damn
320,dallas,2021-02-02,health,0.4444444444444444,Negative,times seen go attack
321,dallas,2021-02-02,health,0.4074074074074074,Negative,else besides sexual assault
322,dallas,2021-02-02,health,0.7037037037037037,Neutral,heart attack getting email graduate school office amp update application
323,dallas,2021-02-02,social,0.7931034482758621,Neutral,kyle john better stop bs get us legit qb stop playing rest nfc west upgraded kick ass every season
324,dallas,2021-02-02,health,0.6666666666666666,Positive,congrats roger g hit bronze level outstanding service
325,dallas,2021-02-02,social,0.7741935483870968,Neutral,lenningrad full trump deserves impeachment planned violent overthrow democracy 1 5 21 residence nyc w daniel beck known rwnj riot planned trump hes responsible 5dead impeach trump amp confirm garland right u know
326,dallas,2021-02-02,health,0.8148148148148148,Negative,say wassup looked dumbfounded confused like oh shit scared tired waiting got swinging nigga hit floor tried grab ankles
327,dallas,2021-02-02,health,0.5555555555555556,Negative,range violation hurt attempt
328,dallas,2021-02-02,social,0.7666666666666667,Neutral,terrible injury would pay market cost 37m year unless savings long term deal nothing negotiate agent gave terrible advice last year got hurt happens bye bye guaranteed
329,dallas,2021-02-02,health,0.6785714285714286,Neutral,think finna hit 2 days tuesdays amp thursday starting next week
330,dallas,2021-02-02,health,0.6666666666666666,Negative,bro nobody told akame ga kill fye ngl hate keep killing main people
331,dallas,2021-02-02,health,0.8888888888888888,Neutral,behalf men women department extend deepest condolences families special agents alfin amp schwartzenberger prayers also wounded agents recovery
332,dallas,2021-02-02,health,0.8518518518518519,Neutral,sarah felt uncomfortable finish brunch guys killed people tried overthrow government
333,dallas,2021-02-02,health,0.8148148148148148,Neutral,people every day risking lives us thinking two fbi agents killed morning florida
334,dallas,2021-02-02,health,0.5185185185185185,Negative,retweeting white violence month
335,dallas,2021-02-02,health,0.8888888888888888,Neutral,nra gun nuts like texas governor abbott lamented fewer guns california push lethal assault rifles conspiracy theories boot florida blame marco rubio refusal make life safer
336,dallas,2021-02-02,health,0.8148148148148148,Neutral,lot people showing take home runs every hit term must take risks become wealthy comes mind ppl ask kind risks taking based risk tolerance thought risk tolerance
337,dallas,2021-02-02,health,0.7037037037037037,Neutral,lil niece woke chose violence following steps today
338,dallas,2021-02-02,health,0.7777777777777778,Neutral,please nobody offer shot weekend unless plan carry home let sip white claw peace know say bar low hell well tolerance hell
339,dallas,2021-02-02,health,0.8518518518518519,Neutral,got free alexa device use mug nothin else except wake alarm playing music idek half shit
340,dallas,2021-02-02,health,0.8148148148148148,Positive,yesterday sun reflecting rainbows bird flew shot divine timing best thank everyday
341,dallas,2021-02-02,health,0.5555555555555556,Neutral,way go treasure go kick butt
342,dallas,2021-02-02,health,0.5357142857142857,Neutral,mfs get hurt type quality ppl
343,dallas,2021-02-02,health,0.4827586206896552,Negative,hell season 14 finale criminal minds
344,dallas,2021-02-02,health,0.8214285714285714,Neutral,want guns got probably shoot em better worried universal background check going take away guns focused getting violent crime situation control 2a dude
345,dallas,2021-02-02,health,0.7586206896551724,Neutral,check kid video definitely gamers also subscribe murder park nba 2k21 via
346,dallas,2021-02-02,health,0.37037037037037035,Neutral,shot dino mite
347,dallas,2021-02-02,health,0.7407407407407407,Neutral,convenient thing sucked hit tollway downtown drive back late nights events lovely
348,dallas,2021-02-02,social,0.7666666666666667,Neutral,good shepherd john 10 10 11 thief cometh steal kill destroy come might life might abundantly good shepherd good shepherd giveth life sheep
349,dallas,2021-02-02,health,0.6666666666666666,Negative,woke bloody ear lmao forgot took hard ass hit yesterday
350,dallas,2021-02-02,health,0.5185185185185185,Neutral,oof rent hit little harder usual
351,dallas,2021-02-02,health,0.7037037037037037,Neutral,signed let make ending traffic violence national priority
352,dallas,2021-02-02,health,0.7407407407407407,Negative,traffic violence public health crisis ignored federal level far long leading usdot opportunity change
353,dallas,2021-02-02,health,0.5925925925925926,Negative,wait criminal minds took weird turn
354,dallas,2021-02-02,health,0.6666666666666666,Positive,id like say killed workout morning feel good
355,dallas,2021-02-02,health,0.2962962962962963,Neutral,shooting shot
356,dallas,2021-02-02,health,0.8148148148148148,Neutral,heart breaks every single victim sexual assault please remember alone take care others today every day
357,dallas,2021-02-02,health,0.6296296296296297,Neutral,left red beans counter im hurt
358,dallas,2021-02-02,social,0.75,Neutral,hey join us tonight kick chat series big top flying high assessment joining us
359,dallas,2021-02-02,health,0.7037037037037037,Neutral,really live ganging sir move hit crew sports coat watch faint
360,dallas,2021-02-02,health,0.8518518518518519,Neutral,free kick taken senior gabe rodriguez vs lewisville district literally came night
361,dallas,2021-02-02,health,0.6296296296296297,Neutral,good sexual relations woman came
362,dallas,2021-02-02,health,0.48148148148148145,Negative,brain meatses hurt right
363,dallas,2021-02-02,health,0.6206896551724138,Neutral,reloaded bb gun 300 shares total walking away rest day
364,dallas,2021-02-02,health,0.6666666666666666,Neutral,wake told better person instead chose violence
365,dallas,2021-02-02,health,0.7777777777777778,Negative,confident women get harassed confident women get sexually assaulted confident women get raped shut dude
366,dallas,2021-02-02,social,0.696969696969697,Neutral,online life insurance companies hit shiny object concept 200k 13 mo would need healthy damn kangaroo run 4 4 sprint grab picky internet means grab agent speak
367,dallas,2021-02-02,health,0.8148148148148148,Neutral,like cool pta mom everyone likes gets along one time baby chick gets hurt hes walking accross radio row like
368,dallas,2021-02-02,health,0.5555555555555556,Positive,nice shot great tuesday
369,dallas,2021-02-02,health,0.8518518518518519,Neutral,poc witnessed white mob violence know could end death fact werent scared enough testament privilege even dont recognize
370,dallas,2021-02-02,health,0.5555555555555556,Negative,right id kill significant run
371,dallas,2021-02-02,health,0.6296296296296297,Neutral,shot day going work giving things time today
372,dallas,2021-02-02,health,0.7407407407407407,Neutral,world eva stop hurtin mind gone soul hurt still gotta pay dem bills time still going
373,dallas,2021-02-02,health,0.6896551724137931,Neutral,satans coffee mug magma least 90 minutes damn devil bishop arts district
374,dallas,2021-02-02,health,0.4074074074074074,Negative,damn attack titan damn heck
375,dallas,2021-02-02,health,0.7407407407407407,Neutral,soon heard issue w lebron led believe man beneficiary came game choose violence
376,dallas,2021-02-02,social,0.6896551724137931,Neutral,got injured 2 months ago working last job amp hoe n
377,dallas,2021-02-02,health,0.6666666666666666,Negative,woke amp chose violence today
378,dallas,2021-02-02,social,0.6896551724137931,Neutral,gimme dat nut hit micheal jackson doctor get squared away
379,dallas,2021-02-02,health,0.5185185185185185,Negative,wide night shift gone kill
380,dallas,2021-02-02,health,0.8148148148148148,Neutral,baby one white bitch give commend degree fall twice got foot punctured got shot amp ended fighting mud survived
381,dallas,2021-02-02,social,0.71875,Neutral,joe amp always dino joe rides sides fence manchin needs 2 know dems support convicting trump joe needs 2 know future riding support 4 trump 4 usa trumps guilty trying 2 overthrow us govt violence 1 6 21 true
382,dallas,2021-02-02,health,0.7777777777777778,Neutral,mugs getting years considering loyal blood starts oozing stab wounds back never see coming lol
383,dallas,2021-02-02,health,0.48148148148148145,Neutral,better hit nae nae get whoopin
384,dallas,2021-02-01,health,0.6666666666666666,Neutral,hit bong mind business like always
385,dallas,2021-02-01,health,0.7407407407407407,Neutral,knows bron slap thing happens streets ends badly known many men got killed behind shit girl escalated
386,dallas,2021-02-01,health,0.5185185185185185,Neutral,ceviche would hit right
387,dallas,2021-02-01,health,0.6296296296296297,Neutral,think whoever needs fired kick puppies
388,dallas,2021-02-01,health,0.6296296296296297,Negative,tattoos thing supposed hurt actually hurt
389,dallas,2021-02-01,health,0.7419354838709677,Neutral,trump senate gop domestic terrorists must really something sex w animals video taking bribe video trump 1 5 21 met w insurrectionist daniel beck 2 plan violent overthrow govt rally1 6 21 unnamed congress ppl attended nyc mtg 2
390,dallas,2021-02-01,health,0.8148148148148148,Neutral,excuse disrespectful rude could please take post great uncle thomason killed cotton picking machine idk even know need take please
391,dallas,2021-02-01,health,0.7037037037037037,Neutral,trying call accidentally hit name obviously
392,dallas,2021-02-01,social,0.5357142857142857,Negative,bachelor shot jeopardy chaser
393,dallas,2021-02-01,health,0.4444444444444444,Negative,truly live violence
394,dallas,2021-02-01,health,0.6666666666666666,Negative,woke chose violence today stop playing w
395,dallas,2021-02-01,health,0.7777777777777778,Neutral,pandemic officially going start back shooting videos
396,san antonio,2021-02-03,health,0.7142857142857143,Neutral,expression bloated mug makes think somewhere inserted hindquarters
397,san antonio,2021-02-03,health,0.48148148148148145,Negative,nah shot put clapping gun
398,san antonio,2021-02-03,health,0.8518518518518519,Negative,zephi victim sex trafficking amp considered culpable victimization child victims rape blamed perpetrators actions
399,san antonio,2021-02-03,health,0.7407407407407407,Neutral,head throbbing back hurts ovaries hurt might pop choccy
400,san antonio,2021-02-03,health,0.5555555555555556,Negative,assaulted arrested peaceful protest dropped charges
401,san antonio,2021-02-03,health,0.2222222222222222,Negative,kick ass
402,san antonio,2021-02-03,health,0.7037037037037037,Neutral,literally witnessing women foam mouth right trey songz months ago dragging mud assault allegations
403,san antonio,2021-02-03,health,0.7407407407407407,Neutral,breaking released photos person truck authorities believe connected shooting balcones heights officer
404,san antonio,2021-02-03,health,0.6571428571428571,Negative,zephi sex trafficking victim accused commiting capital murder trying charged adult crime commit call da john creuzot amp urge drop charges 214 653 3600
405,san antonio,2021-02-03,health,0.37037037037037035,Negative,bitch kill vibe
406,san antonio,2021-02-03,health,0.8214285714285714,Neutral,shows despicable gop values cut cheney q ther violent racist antisemitic spews unbelievable gop embraces trash like amp amp gop radical future
407,san antonio,2021-02-03,health,0.7857142857142857,Neutral,agreement policy rep chaney take policy differences day white supremist violent nut case like q queen shows low cowardly gop esp must go
408,san antonio,2021-02-03,health,0.8148148148148148,Neutral,lied bobbed weaved avoided accountability nothing delivered sapd murder footage pried hands city manager freely shared councilmembers months
409,san antonio,2021-02-03,health,0.5185185185185185,Neutral,balcones heights pig shot
410,san antonio,2021-02-03,health,0.5555555555555556,Negative,character alexis davis needs killed
411,san antonio,2021-02-03,health,0.8148148148148148,Neutral,biden win yet dems still obsessed trump supporters media wh senate house want trump supporters killed look followers tweets scary stuff us still free boycott whoever want least
412,san antonio,2021-02-03,health,0.5925925925925926,Negative,bad day kidneys hurt body hurts really tired
413,san antonio,2021-02-03,health,0.7407407407407407,Neutral,balcones heights officials confirm officer shot taken hospital word condition
414,san antonio,2021-02-03,health,0.42857142857142855,Neutral,trynna squad razz hit us
415,san antonio,2021-02-03,health,0.6296296296296297,Neutral,shooting mom house pissed literally street house
416,new york city,2021-02-02,health,0.8214285714285714,Neutral,please condemn violence indian government bjp farmers government even letting protest pease n free speech internet text n phones cut also drinking water n electric connection cut well thx u
417,new york city,2021-02-02,health,0.7777777777777778,Neutral,move need parking spot always drive way able gonna hurt
418,new york city,2021-02-02,health,0.4444444444444444,Neutral,yo fav nigga wanna hit
419,new york city,2021-02-02,social,0.8571428571428571,Negative,feel victims bullshit women manipulated statement makes clear jesus christ wonder people wait long come assault many replies shittiest insulting takes
420,new york city,2021-02-02,social,0.7666666666666667,Neutral,got big story tell ppl sticks stones break bones words hurt hating ass people get youtube tell story got facebook jail 30 days mountain business smh
421,new york city,2021-02-02,health,0.7037037037037037,Neutral,closest friends bullshit naashia ion really kick w nobody
422,new york city,2021-02-02,health,0.5555555555555556,Neutral,anyone tries hurt take personally
423,new york city,2021-02-02,health,0.7037037037037037,Neutral,assad going kill soon iran porblerm going fix going dostorid atomic places iran
424,new york city,2021-02-02,health,0.5925925925925926,Negative,rep describes trauma capitol attack
425,new york city,2021-02-02,health,0.7037037037037037,Neutral,vaccines must mandated otherwise going situation violence anti vaxxers
426,new york city,2021-02-02,health,0.14285714285714285,Neutral,hit 1
427,new york city,2021-02-02,social,0.8928571428571429,Neutral,like arab kill us jewish syria never like arab truth nazi including iran open eys make peace arafat jewish kill bus isarel
428,new york city,2021-02-02,health,0.8571428571428571,Neutral,get one hit wonder versus lumidee wayne wonder d4l young gunz field mob nappy roots bonecrusher khia nina sky eamon
429,new york city,2021-02-02,health,0.6666666666666666,Positive,ask consider friend watch hurt lmao
430,new york city,2021-02-02,health,0.7777777777777778,Negative,one protection temporary trespass another protection wilful death shoot someone dying stumbles agony onto property guilty murder
431,new york city,2021-02-02,health,0.7586206896551724,Neutral,sexually assaulted insurrection personal account events jan 6th saying full hot air everyone thread speaking personal pov yet one actually deals daily basis
432,new york city,2021-02-02,health,0.6666666666666666,Negative,sexy go girl bad self try hurt anybody
433,new york city,2021-02-02,health,0.4074074074074074,Negative,kick ass thats talking
434,new york city,2021-02-02,health,0.6296296296296297,Neutral,oh nah spencer dem losin one point cause missed kick cold
435,new york city,2021-02-02,health,0.8518518518518519,Neutral,check new vlog past vlogs make sure hit subscribe button stay updated thanks everyone amazing support especially past months
436,new york city,2021-02-02,health,0.48148148148148145,Neutral,feel like got hit truck
437,new york city,2021-02-02,health,0.6666666666666666,Negative,legs bit sore still workout saturday kind cardio kill lol
438,new york city,2021-02-02,health,0.7142857142857143,Neutral,fbi identifies 2 agents killed florida serving warrant violent crimes children case via
439,new york city,2021-02-02,health,0.6666666666666666,Neutral,ur brother also said instead little bitch said would chop head ever hurt u still would
440,new york city,2021-02-02,health,0.8148148148148148,Neutral,none makes sense whatsoever importantly hardly violent communist fact work health care volunteer red cross disasters would like learn instead telling
441,new york city,2021-02-02,health,0.5925925925925926,Neutral,hit pandemic wall shirt already mail
442,new york city,2021-02-02,health,0.7037037037037037,Neutral,lol im sure get another way let someone else kick balls
443,new york city,2021-02-02,health,0.8518518518518519,Neutral,ate haitian food ordered uber eats amp slapped craving turkey wings got turkey sauce black rice macaroni amp cheese hit spot drowsy
444,new york city,2021-02-02,health,0.6666666666666666,Neutral,let us never forget de blasio killed groundhog
445,new york city,2021-02-02,health,0.5925925925925926,Negative,hurt feelings today
446,new york city,2021-02-02,health,0.7407407407407407,Neutral,time get ball stolen strategy immediately turns attack every player immediately
447,new york city,2021-02-02,social,0.8571428571428571,Neutral,yes shes crazy hold office cant take hearing someone almost got office read early history scuffles worse violence congress dangerous job always wants safer job take one gt gt gt
448,new york city,2021-02-02,health,0.7333333333333333,Neutral,thoughts amp prayers family friends lt michael boutte hancock county sheriffs office mississippi shot amp killed line duty responding call suicidal individual 02 01 2021
449,new york city,2021-02-02,health,0.7857142857142857,Neutral,got call rep due untimely death family nye saying ticket package one hardest things probably hit game 2 friend got vaccine already
450,new york city,2021-02-02,health,0.7407407407407407,Neutral,ive multiple sexual assaults several rapes classroom attended sixth grade hands sixth grade teacher one several things made completing school difficult gt gt gt
451,new york city,2021-02-02,health,0.7037037037037037,Neutral,dola rings fingers career stagnant pats one put gun head beginning hate guy
452,new york city,2021-02-02,social,0.75,Neutral,still thinking jagged reunion concert someone thought would cute go right would good head feet violent
453,new york city,2021-02-02,health,0.7241379310344828,Neutral,never understand america looking lens media 100 blm protest person shot killed black woman would uproar
454,new york city,2021-02-02,health,0.7777777777777778,Neutral,hit exercises end work start believe instructors fucking
455,new york city,2021-02-02,health,0.4444444444444444,Negative,got five people killed
456,philadelphia,2021-02-03,health,0.7407407407407407,Neutral,golden globe nomination emily paris truly chose violence
457,philadelphia,2021-02-03,health,0.75,Neutral,sir nubius extraterrestrial geo radiating orbiters nearly online reckoning hand q patriots wont know hit
458,philadelphia,2021-02-03,health,0.8518518518518519,Neutral,gonna problems shooting amp provide great defense ability physically shoot basket andrew gaze sit chair designated shooter
459,philadelphia,2021-02-03,health,0.7407407407407407,Negative,represent hate violence racist bullying disrespect psycho behavior represent americans need removed immediately
460,philadelphia,2021-02-03,health,0.37037037037037035,Neutral,start shooting
461,philadelphia,2021-02-03,health,0.37037037037037035,Positive,great point
462,philadelphia,2021-02-03,health,0.8518518518518519,Neutral,today read statement one rep omars constituents rabbi said met apologized disavowed remarks greene going meet hurt apologize publically disavow position
463,philadelphia,2021-02-03,health,0.5806451612903226,Neutral,hit decade november havent okay since like 2014
464,philadelphia,2021-02-03,health,0.5185185185185185,Neutral,memory dustin diamond hit
465,philadelphia,2021-02-03,health,0.8518518518518519,Neutral,maybe congressional colleagues think even racist anti semitic white supremacy entitled represented congress know like mass murderers entitled criminal defense attorney fairness thing ya think
466,philadelphia,2021-02-03,health,0.3333333333333333,Positive,alright might hit
467,philadelphia,2021-02-03,health,0.6666666666666666,Negative,animals attack people savages three share one brain cell
468,philadelphia,2021-02-03,health,0.6451612903225806,Neutral,many questions 1 happened aaron carter 2 aaron carter 3 sure aaron carter machine gun kelly stunt double
469,philadelphia,2021-02-03,health,0.6363636363636364,Neutral,win today trey shinholster led 17 mark butler 12 amp sam davies chipped 11 points 9 10 players hit scoresheet quakers
470,philadelphia,2021-02-03,social,0.8214285714285714,Neutral,last time guys eyed distance bedroom window ground wondering might hurt amp importantly stupid youll look jump cats intents purposes locked bedroom never
471,philadelphia,2021-02-03,health,0.4074074074074074,Negative,new shit hit different
472,philadelphia,2021-02-03,health,0.5517241379310345,Neutral,hit 1 moving dubai hit 10 goin alil vacay
473,philadelphia,2021-02-03,health,0.7407407407407407,Negative,idk dystopia worst attack titan promised neverland four years trump
474,philadelphia,2021-02-03,health,0.7142857142857143,Neutral,meanwhile officer sicknick murdered 2 time loser popular vote incited insurrection america
475,philadelphia,2021-02-03,health,0.8148148148148148,Neutral,running sets homies shooting shit always better call online events charity good cause days cause tryna fully compete online stress
476,phoenix,2021-02-02,social,0.6071428571428571,Negative,jawsh really chose violence today
477,phoenix,2021-02-02,health,0.7407407407407407,Neutral,goods sitting pres time went forward civil suit time civil conviction fraud amp misuse foundation funds personal use fraud could still face state criminal charges well
478,phoenix,2021-02-02,health,0.6296296296296297,Negative,favorite submarine book kill potemkin
479,phoenix,2021-02-02,health,0.7333333333333333,Neutral,hi friendly neighborhood cheese back agian ask help get 1500 follow 5 sub tonight come stop
480,phoenix,2021-02-02,health,0.9259259259259259,Neutral,reality build elite defense solid scheme adding talent executing talent typical person would look az say need invest dt running back win games passing offense opens hmm
481,phoenix,2021-02-02,health,0.5185185185185185,Negative,sex sex sex forget violence
482,phoenix,2021-02-02,health,0.6333333333333333,Neutral,earth hit 4 leg english premier league parlay beyond 300 richer
483,phoenix,2021-02-02,health,0.8148148148148148,Neutral,im huge crenshaw fan theres one blinding error album credits crazy written wille nelson patsy cline patsy made hit
484,phoenix,2021-02-02,health,0.5925925925925926,Negative,time time gun control policies naturally support claim gun control racist
485,phoenix,2021-02-02,health,0.6296296296296297,Neutral,hit chris brown go crazy clearly charlotte wants stay
486,phoenix,2021-02-02,health,0.7037037037037037,Neutral,doctors nurses need take day second shot reaction draining always treat people like chattel
487,phoenix,2021-02-02,health,0.7,Neutral,much owe president proposed gun control plan math let know much owe course boating trip 200 assault weapon 200 magazine holds 11 rounds
488,phoenix,2021-02-02,health,0.7777777777777778,Neutral,fully inoculated three weeks second shot maybe worry educating
489,phoenix,2021-02-02,health,0.7419354838709677,Neutral,count maybe half teams could make moves really outlier year given saw multiple qbs 2004 class earlier hit retirement two could brady ben nearing end one aaron saw first round qb taken
490,phoenix,2021-02-02,health,0.37037037037037035,Negative,shot sasha fuck
491,phoenix,2021-02-02,health,0.4666666666666667,Neutral,troll hit 50th day 110 summer
492,phoenix,2021-02-02,health,0.7407407407407407,Neutral,need assistance moms laptop help microphone working done trouble shooting rebooted
493,phoenix,2021-02-02,health,0.8148148148148148,Neutral,could watch documentaries listen podcasts murder missing person cases like day still sleep like baby night watch episode hoarders nightmares roaches rats crawling around everywhere wake sweaty nervous
494,phoenix,2021-02-02,health,0.7857142857142857,Neutral,cant believe going vaccinate criminals gitmo running country bunch yahoo doesnt know never seen country bad 55 years unconstitutional impeachment american people needs help
495,phoenix,2021-02-02,health,0.5357142857142857,Neutral,1 feel like hit bus today
496,phoenix,2021-02-02,health,0.8571428571428571,Neutral,think offense designed routes fitz get targets spite age lack deep routes slot bills receiver 6 foot excelled diggs brown beasley guys get open ease
497,phoenix,2021-02-02,health,0.8518518518518519,Neutral,would impressive production stepped air something wait girl finally hurt enough speak watched absolutely disgusting women deserve air time nasty
498,phoenix,2021-02-02,social,0.0,,
499,phoenix,2021-02-02,health,0.7777777777777778,Neutral,brilliant strategy actually let cernovich act attack dog serious candidates focus policy looking professional
500,phoenix,2021-02-02,social,0.5,Neutral,putin tries kill jails take opponents
501,phoenix,2021-02-02,health,0.5185185185185185,Neutral,bro bout kill entire year yikes
502,phoenix,2021-02-02,health,0.4444444444444444,Negative,gonna kill proud
503,phoenix,2021-02-02,health,0.5517241379310345,Neutral,harass orphaned kid 10 years type love
504,phoenix,2021-02-02,health,0.5555555555555556,Neutral,arizona weather starting kick
505,phoenix,2021-02-02,health,0.7037037037037037,Neutral,crossfaded last night hit bong without water wtf man
506,phoenix,2021-02-02,health,0.6666666666666666,Neutral,fine hurt shooting u give ball earlier want take shot
507,phoenix,2021-02-02,social,0.7931034482758621,Neutral,whos joining day one online dynasty warning attack number 1 recruits entire season even im top teams steal bowl week
508,phoenix,2021-02-02,health,0.6296296296296297,Neutral,childhood whip nae nae officially killed cousin
509,phoenix,2021-02-02,health,0.7857142857142857,Neutral,got outplayed game 5 draymond suspended bogut got hurt play rest series iggy got hurt game 5 changed everything allowed follow whoever want follow lots nba reporters
510,phoenix,2021-02-02,health,0.6666666666666666,Neutral,miss seeing hit blinkers blowing smoke face
511,phoenix,2021-02-02,health,0.6296296296296297,Positive,every single time think hurt making easier care
512,phoenix,2021-02-02,health,0.5185185185185185,Neutral,hangovers hit different
513,phoenix,2021-02-02,health,0.4444444444444444,Positive,georgia butt hurt good good
514,phoenix,2021-02-02,health,0.8888888888888888,Neutral,goddamned n try play better watch say shot prod link bio full visual tempe arizona
515,phoenix,2021-02-02,health,0.7037037037037037,Negative,saving bitch eyesbrows shut kill
516,phoenix,2021-02-02,health,0.5925925925925926,Neutral,morning workouts hit different
517,phoenix,2021-02-02,social,0.65625,Neutral,someone please tell anyone held five counts murder january 6th 2021 five human lifes stolen january 6 due donald trumps lies still charges anyone im discouraged
518,phoenix,2021-02-02,health,0.7777777777777778,Neutral,calling hallway people clearing building attempting murder turn hundreds thousands times done work
519,phoenix,2021-02-02,health,0.7,Neutral,happy tuesday rise grind amp hustle mind powerful weapon invest knowledge strong mental health motivation 02 02 2021 via
520,phoenix,2021-02-02,health,0.6071428571428571,Negative,officers unnecessarily assaulted 9 year girl yesterday wtf
521,phoenix,2021-02-02,social,0.8214285714285714,Neutral,offense english voice actors haikyuu suck compared japanese voice actors fault though japanese voice actors beautiful voices cant anything
522,phoenix,2021-02-02,health,0.5925925925925926,Neutral,shooting shot lmfao inserting image every time
523,phoenix,2021-02-02,health,0.9259259259259259,Neutral,know one love calendly link cold email adds value personalized obvious next step book call hit reply rude sending less emails confused
524,phoenix,2021-02-02,social,0.8571428571428571,Positive,many love deeply grateful service stand beside end journeys sister faith people powerful insist truth amp accountability incited carried terrible attack capitol
525,phoenix,2021-02-01,health,0.7407407407407407,Negative,thank stop reading watching pain hurt endured lately standing stall fierce ready kick ass thank standing working class like
526,phoenix,2021-02-01,health,0.37037037037037035,Neutral,kick trump us
527,phoenix,2021-02-01,health,0.6666666666666666,Neutral,big palm os kick lately anyone got dope palm pilot game recs
528,phoenix,2021-02-01,health,0.7037037037037037,Negative,parents busy watching murder wrote
529,phoenix,2021-02-01,health,0.8928571428571429,Neutral,harrowing account aoc went heart breaks amp everyone affected deserve justice alexandria ocasio cortez recounts fear going die capitol attack
530,phoenix,2021-02-01,health,0.7142857142857143,Neutral,really bad reaction first shot lol keep hearing 2nd shot worse
531,phoenix,2021-02-01,health,0.75,Neutral,ima need fade cuhkz hit nigga like 4 months ago new number
532,phoenix,2021-02-01,health,0.2962962962962963,Neutral,shot book sheesh
533,phoenix,2021-02-01,health,0.5555555555555556,Neutral,cam never hits shot crunch time lol
534,phoenix,2021-02-01,health,0.8148148148148148,Neutral,telling story people might take flexing trying impress people reality hit different really changed around become different person
535,phoenix,2021-02-01,health,0.8148148148148148,Neutral,also men less likely women report things happen data often happens could potentially worse thought especially since take female violence seriously violence men seriously
536,phoenix,2021-02-01,health,0.5925925925925926,Negative,clumsy risk hit send accident
537,phoenix,2021-02-01,social,0.7857142857142857,Negative,worst practical joke ever fun games millions get hurt die
538,phoenix,2021-02-01,health,0.6296296296296297,Positive,perfect combo happy shooting
539,phoenix,2021-02-01,health,0.8518518518518519,Neutral,next comic going die hard woman diffuse hostage situation every kill making boobs bigger making cumbersome target
540,phoenix,2021-02-01,health,0.6333333333333333,Positive,win 40 lol amare injured lb good yet breakout season next year
541,phoenix,2021-02-01,health,0.7037037037037037,Neutral,anyone sees black eye dog punched trying cuddle
542,phoenix,2021-02-01,health,0.6666666666666666,Neutral,getting hit smell incense walked church calming effects
543,phoenix,2021-02-01,health,0.6666666666666666,Neutral,oh wanna talk anymore awww hurt feelings
544,phoenix,2021-02-01,social,0.6428571428571429,Neutral,watch hit jumpers game long
545,phoenix,2021-02-01,health,0.5357142857142857,Neutral,one 3 pointer life line got taking shot
546,phoenix,2021-02-01,health,0.4444444444444444,Neutral,kathie wanting kick matt
547,phoenix,2021-02-01,health,0.8148148148148148,Neutral,trump killed republican party time party needs cleansed demons cast im democrat believe two party system loony tunes second party conspiracy theories welcome stick facts reality
548,phoenix,2021-02-01,health,0.6206896551724138,Neutral,pg shooting 36 floor yikes even spread
549,phoenix,2021-02-01,health,0.4444444444444444,Neutral,ronin mug arcadia arizona
550,phoenix,2021-02-01,health,0.6666666666666666,Negative,psycho still office expell ass threatening kill people
551,phoenix,2021-02-01,health,0.5185185185185185,Negative,arms get hella sore hurt bad
