id,date,time,near,Score_cat,Category,hate,guns,crimes,addictions,sentiment,Tweets
804836774014877696,2016-12-02,17:56:54,austin,0.7692307692307693,crimes,0.6896551724137931,0.6060606060606061,0.7692307692307693,0.6666666666666666,Neutral,child gives phone back watching pok mon snapchat cause dead
804836236141666306,2016-12-02,17:54:46,austin,0.6428571428571429,crimes,0.5806451612903226,0.5588235294117647,0.6428571428571429,0.5625,Neutral,tale death rebirth nearly 500 warranty replacement mostly death rebirth
804833046654500865,2016-12-02,17:42:06,austin,0.5769230769230769,crimes,0.5172413793103449,0.45454545454545453,0.5769230769230769,0.5,Negative,drinking french bully
804824679869509636,2016-12-02,17:08:51,austin,0.46153846153846156,crimes,0.41379310344827586,0.3235294117647059,0.46153846153846156,0.4,Negative,jake made baby cry im dead
804823738621382656,2016-12-02,17:05:06,austin,0.8846153846153846,crimes,0.7931034482758621,0.696969696969697,0.8846153846153846,0.7666666666666667,Positive,glamour shot cio people volunteer thank party lifeatdell punch bowl
804821985306021888,2016-12-02,16:58:08,austin,0.6296296296296297,crimes,0.6206896551724138,0.45714285714285713,0.6296296296296297,0.6,Negative,justice dog found starving near death seizures
804821451236868096,2016-12-02,16:56:01,austin,0.5,crimes,0.4482758620689655,0.35294117647058826,0.5,0.43333333333333335,Positive,ready kick weekend enjoy
804808463184445440,2016-12-02,16:04:24,austin,0.6923076923076923,crimes,0.6206896551724138,0.5454545454545454,0.6923076923076923,0.6,Negative,bf might dead gotta keep shit together annoyin ass kids
804805456661254144,2016-12-02,15:52:28,austin,0.7307692307692307,crimes,0.6551724137931034,0.5757575757575758,0.7307692307692307,0.6333333333333333,Neutral,another garbage wanna rapper making stupid remarks bet mother sister raped would looking blood
804802065046315008,2016-12-02,15:38:59,austin,0.7692307692307693,crimes,0.6896551724137931,0.6060606060606061,0.7692307692307693,0.6666666666666666,Neutral,hopefully shaka sees futile stubbornly try force ball post game long
804801908695244800,2016-12-02,15:38:22,austin,0.7857142857142857,crimes,0.7666666666666667,0.6285714285714286,0.7857142857142857,0.7419354838709677,Neutral,police officers required obtain bachelors degree b4 joining force think several classes theyd benefit
804800149058883584,2016-12-02,15:31:22,austin,0.8076923076923077,crimes,0.7241379310344828,0.6363636363636364,0.8076923076923077,0.6451612903225806,Neutral,framing trigger warnings id also suggest childhood sexual assault amp anti native american first nations
804796009171845121,2016-12-02,15:14:55,austin,0.6538461538461539,crimes,0.5862068965517241,0.5151515151515151,0.6538461538461539,0.5161290322580645,Negative,female prison chaplain raped called mexican via
804791267838361601,2016-12-02,14:56:05,austin,0.5769230769230769,crimes,0.5172413793103449,0.45454545454545453,0.5769230769230769,0.5,Neutral,warriors fans still het kick
804789826029580288,2016-12-02,14:50:21,austin,0.6538461538461539,crimes,0.5862068965517241,0.5151515151515151,0.6538461538461539,0.5666666666666667,Positive,get spirit love christmas im dead inside
804788253702373377,2016-12-02,14:44:06,austin,0.5769230769230769,crimes,0.5172413793103449,0.45454545454545453,0.5769230769230769,0.5,Neutral,st nick roundhouse kick face
804785640156102657,2016-12-02,14:33:43,austin,0.8461538461538461,crimes,0.7586206896551724,0.6666666666666666,0.8461538461538461,0.7333333333333333,Neutral,ive trying force magic school bus amp pink panther daughters face year finally
804784789219840000,2016-12-02,14:30:20,austin,0.7307692307692307,crimes,0.6551724137931034,0.5757575757575758,0.7307692307692307,0.6333333333333333,Neutral,anybody try force tv shows kids watch neither lol
804773119760171008,2016-12-02,13:43:58,austin,0.5769230769230769,crimes,0.5172413793103449,0.45454545454545453,0.5769230769230769,0.5,Neutral,goals punch bowl social austin
804768996113469440,2016-12-02,13:27:35,austin,0.5384615384615384,crimes,0.4827586206896552,0.42424242424242425,0.5384615384615384,0.4666666666666667,Negative,omg hurt want one bad
806646946064699392,2016-12-07,17:49:53,austin,0.6538461538461539,crimes,0.5862068965517241,0.5151515151515151,0.6538461538461539,0.5161290322580645,Neutral,moment exhaust bus soooo deadly also soooo warm
806639520070385665,2016-12-07,17:20:22,austin,0.5384615384615384,crimes,0.4827586206896552,0.42424242424242425,0.5384615384615384,0.4666666666666667,Positive,im pretty sure actually dead
806638305467109378,2016-12-07,17:15:33,austin,0.7777777777777778,crimes,0.7586206896551724,0.5714285714285714,0.7777777777777778,0.7333333333333333,Neutral,judgement proven deadly accurate far trump tabs almost inspired buy national enquirer today
806636347737997312,2016-12-07,17:07:46,austin,0.6896551724137931,crimes,0.625,0.6,0.6896551724137931,0.65625,Negative,huh 3 1 frantic writing genius idea 2 coming dead stop 3 existential dispair
806633340568793088,2016-12-07,16:55:49,austin,0.8846153846153846,crimes,0.7931034482758621,0.6470588235294118,0.8846153846153846,0.7096774193548387,Neutral,dead dog road bus swerves avoid vultures suburban texas emoji dont count syllables haiku
806628438463447041,2016-12-07,16:36:20,austin,0.8076923076923077,crimes,0.7241379310344828,0.6363636363636364,0.8076923076923077,0.7,Neutral,support kids born wedlock teen mothers okay condemning thousands women death
806619736515760134,2016-12-07,16:01:46,austin,0.6538461538461539,crimes,0.5862068965517241,0.5151515151515151,0.6538461538461539,0.5161290322580645,Neutral,except werent dead whole time lost
806615784621481984,2016-12-07,15:46:03,austin,0.5862068965517241,crimes,0.53125,0.5588235294117647,0.5862068965517241,0.5151515151515151,Negative,hb534 relating assistance voter creating criminal offense
806613392601452544,2016-12-07,15:36:33,austin,0.6666666666666666,crimes,0.6551724137931034,0.5294117647058824,0.6666666666666666,0.6333333333333333,Neutral,duterte guy motorcycle death squads charge country riding tandem means murdering people
806611376646983680,2016-12-07,15:28:32,austin,0.6923076923076923,crimes,0.6206896551724138,0.5454545454545454,0.6923076923076923,0.6,Negative,round rock police prior wreck led fatal hit run suspect
806606978030022656,2016-12-07,15:11:04,austin,0.7307692307692307,crimes,0.6551724137931034,0.5757575757575758,0.7307692307692307,0.5806451612903226,Neutral,three cypress springs high students charged kidnapping alleged sex attempt
806588888538107907,2016-12-07,13:59:11,austin,0.8076923076923077,crimes,0.7241379310344828,0.6363636363636364,0.8076923076923077,0.7,Neutral,gotta lay white castle burgers farts smelling like death rn
806580359303467012,2016-12-07,13:25:17,austin,0.0,addictions,0.0,0.0,0.0,0.0,,
806570534112792576,2016-12-07,12:46:15,austin,0.6060606060606061,guns,0.53125,0.6060606060606061,0.5862068965517241,0.5625,Positive,hb519 relating creation offense failing secure certain children rear facing child
806568267288432640,2016-12-07,12:37:14,austin,0.7307692307692307,crimes,0.6551724137931034,0.5757575757575758,0.7307692307692307,0.6333333333333333,Positive,dolly parton tour de force talent charm wins erwin center
806565533541924864,2016-12-07,12:26:23,austin,0.6923076923076923,crimes,0.6206896551724138,0.5454545454545454,0.6923076923076923,0.5483870967741935,Neutral,death hammock hyde park austin texas
806554225337663489,2016-12-07,11:41:27,austin,0.7096774193548387,addictions,0.625,0.6,0.6896551724137931,0.7096774193548387,Neutral,isnt best fernando torres villa formed deadly partnership 2010 wc
806550180216639488,2016-12-07,11:25:22,austin,0.6153846153846154,crimes,0.5517241379310345,0.48484848484848486,0.6153846153846154,0.5333333333333333,Positive,lol nahh doesnt hurt really wish got good
806549111872724992,2016-12-07,11:21:07,austin,0.7142857142857143,crimes,0.6451612903225806,0.5714285714285714,0.7142857142857143,0.625,Neutral,new police identify 20 year old found dead texas amp fraternity house
806546746788683776,2016-12-07,11:11:44,austin,0.8461538461538461,crimes,0.7586206896551724,0.6666666666666666,0.8461538461538461,0.7333333333333333,Negative,shout kind asshole demands personal information bullying victim
806546259658047488,2016-12-07,11:09:47,austin,0.6538461538461539,crimes,0.5862068965517241,0.5151515151515151,0.6538461538461539,0.5666666666666667,Neutral,favor keeping air force one cancelling trump
806545925804097536,2016-12-07,11:08:28,austin,0.7307692307692307,crimes,0.6551724137931034,0.5757575757575758,0.7307692307692307,0.5806451612903226,Neutral,chef drop knife hes done university texas austin
806543632421548032,2016-12-07,10:59:21,austin,0.5,crimes,0.4482758620689655,0.3939393939393939,0.5,0.43333333333333335,Negative,hows semester dead yet nah
806542840813621248,2016-12-07,10:56:12,austin,0.46153846153846156,crimes,0.41379310344827586,0.36363636363636365,0.46153846153846156,0.4,Positive,well day got better dead
806534392684433408,2016-12-07,10:22:38,austin,0.34615384615384615,crimes,0.3103448275862069,0.2727272727272727,0.34615384615384615,0.3,Negative,lol im hurt
806530855397163008,2016-12-07,10:08:35,austin,0.6923076923076923,crimes,0.6206896551724138,0.5454545454545454,0.6923076923076923,0.6,Neutral,new fleet instead new air force one maybe sad via
806530725315022848,2016-12-07,10:08:04,austin,0.7307692307692307,crimes,0.6551724137931034,0.5757575757575758,0.7307692307692307,0.6333333333333333,Neutral,sounded death knell amp hammered final nail coffin america says
806525752393011200,2016-12-07,09:48:18,austin,0.7692307692307693,crimes,0.6896551724137931,0.6060606060606061,0.7692307692307693,0.6666666666666666,Negative,wicked women using children live wanna hurt try hate cause know thrill gone
806524483850956800,2016-12-07,09:43:16,austin,0.8076923076923077,crimes,0.7241379310344828,0.6363636363636364,0.8076923076923077,0.7,Neutral,little punched arm im number one friend snap took away red heart bf
806522229127282688,2016-12-07,09:34:18,austin,0.6857142857142857,guns,0.5714285714285714,0.6857142857142857,0.625,0.6470588235294118,Negative,tamu transportation institute fatal wrecks 45 impaired driver 23 speeding 14 distraction 6 fatigue often 1 wreck
806520233091629056,2016-12-07,09:26:22,austin,0.6923076923076923,crimes,0.6206896551724138,0.5454545454545454,0.6923076923076923,0.6,Positive,h e b kick ring miracle campaign thank support
806516693182873600,2016-12-07,09:12:18,austin,0.7857142857142857,crimes,0.7096774193548387,0.6285714285714286,0.7857142857142857,0.6363636363636364,Neutral,court criminal appeals 6 3 overturns verdict death sentence albert love jr warrantless text messages
806515343560757248,2016-12-07,09:06:56,austin,0.7692307692307693,crimes,0.6896551724137931,0.5588235294117647,0.7692307692307693,0.6666666666666666,Negative,junaid jamshed confirmed among dead pakistan plane crash
806501829748068352,2016-12-07,08:13:14,austin,0.8461538461538461,crimes,0.7586206896551724,0.6666666666666666,0.8461538461538461,0.7333333333333333,Neutral,conspiracy theories fun games people whole heartedly believe force others treat legitimate facts
806492155485290496,2016-12-07,07:34:48,austin,0.4230769230769231,crimes,0.3793103448275862,0.3333333333333333,0.4230769230769231,0.36666666666666664,Negative,bloody attitude
806480144651128832,2016-12-07,06:47:04,austin,0.6153846153846154,crimes,0.5517241379310345,0.48484848484848486,0.6153846153846154,0.5333333333333333,Neutral,cant sleep cause legs hurt much cause cold
806478832983277569,2016-12-07,06:41:52,austin,0.7419354838709677,addictions,0.7096774193548387,0.6764705882352942,0.7241379310344828,0.7419354838709677,Neutral,dead spiders amp tiny scorpions surprising find reactivating cleaning robot house 4 tiny frogs amp 1 lizard
806466476978962434,2016-12-07,05:52:46,austin,0.7407407407407407,crimes,0.7241379310344828,0.5882352941176471,0.7407407407407407,0.7,Neutral,ano yong qualified piracy na punishable death yon ba yong nanonood ng film na hindi legal lifestyle change na ba
806444626525634560,2016-12-07,04:25:56,austin,0.3076923076923077,crimes,0.27586206896551724,0.24242424242424243,0.3076923076923077,0.26666666666666666,Negative,twitter dead
806443848473800704,2016-12-07,04:22:51,austin,0.8461538461538461,crimes,0.7586206896551724,0.6666666666666666,0.8461538461538461,0.6774193548387096,Neutral,explaining soul leaves body death remains earth like nheaven earth transparent see n limbo god calls
806437738362834948,2016-12-07,03:58:34,austin,0.6153846153846154,crimes,0.5517241379310345,0.48484848484848486,0.6153846153846154,0.5333333333333333,Negative,cop amp snowplow truck dead
806433520818208768,2016-12-07,03:41:48,austin,0.3076923076923077,crimes,0.27586206896551724,0.24242424242424243,0.3076923076923077,0.26666666666666666,Neutral,full punch
806422414628360192,2016-12-07,02:57:40,austin,0.6153846153846154,crimes,0.5517241379310345,0.48484848484848486,0.6153846153846154,0.5333333333333333,Negative,part didnt like uncle death calling gamer hated
806417846616158210,2016-12-07,02:39:31,austin,0.8076923076923077,crimes,0.7241379310344828,0.6363636363636364,0.8076923076923077,0.7,Negative,hes hiding ecuadorian embassy london sweden calculated move charged w rape
806413043152388096,2016-12-07,02:20:26,austin,0.6538461538461539,crimes,0.5862068965517241,0.5151515151515151,0.6538461538461539,0.5666666666666667,Neutral,frat boys across country save fortune date rape drugs
806411852846604288,2016-12-07,02:15:42,austin,0.38461538461538464,crimes,0.3448275862068966,0.30303030303030304,0.38461538461538464,0.3333333333333333,Negative,tl dead right
806409228848132096,2016-12-07,02:05:17,austin,0.6538461538461539,crimes,0.5862068965517241,0.5151515151515151,0.6538461538461539,0.5666666666666667,Positive,let hurt go move promise life much better
806408990146101248,2016-12-07,02:04:20,austin,0.5769230769230769,crimes,0.5172413793103449,0.45454545454545453,0.5769230769230769,0.5,Neutral,dont hurt someone else cause last person hurt
806408449827471360,2016-12-07,02:02:11,austin,0.6923076923076923,crimes,0.6206896551724138,0.5454545454545454,0.6923076923076923,0.6,Positive,dont let hurt past relationships situationships make miss blessings
806407123357859841,2016-12-07,01:56:55,austin,0.6153846153846154,crimes,0.5517241379310345,0.48484848484848486,0.6153846153846154,0.5333333333333333,Negative,like start hurting people thinking theyre tryna hurt
806406824954044417,2016-12-07,01:55:44,austin,0.6153846153846154,crimes,0.5517241379310345,0.48484848484848486,0.6153846153846154,0.5333333333333333,Negative,get hurt someone turns savage accident
806404140083642373,2016-12-07,01:45:03,austin,0.6153846153846154,crimes,0.5517241379310345,0.48484848484848486,0.6153846153846154,0.5333333333333333,Neutral,feelings looks things cant let hurt go
806398416368660481,2016-12-07,01:22:19,austin,0.8148148148148148,crimes,0.7333333333333333,0.696969696969697,0.8148148148148148,0.65625,Neutral,donald match box plane withstand nuclear blast fight sam missles air force one get ready 4 reality
806394913285873664,2016-12-07,01:08:24,austin,0.46153846153846156,crimes,0.41379310344827586,0.36363636363636365,0.46153846153846156,0.4,Negative,piper bloody mess
806393075392217089,2016-12-07,01:01:05,austin,0.7307692307692307,crimes,0.6551724137931034,0.5757575757575758,0.7307692307692307,0.6333333333333333,Positive,sabbath bloody sabbath perfect way listen love
806389522820907008,2016-12-07,00:46:58,austin,0.7037037037037037,crimes,0.6333333333333333,0.6060606060606061,0.7037037037037037,0.6129032258064516,Neutral,offense miguel need tougher competition 8 ball
806385854453321728,2016-12-07,00:32:24,austin,0.6153846153846154,crimes,0.5517241379310345,0.48484848484848486,0.6153846153846154,0.5333333333333333,Neutral,werent drowning need lifeguard dead need resurrection
806380456518230017,2016-12-07,00:10:57,austin,0.2692307692307692,crimes,0.2413793103448276,0.21212121212121213,0.2692307692307692,0.23333333333333334,Negative,damn dms dead
806377839582912513,2016-12-07,00:00:33,austin,0.5384615384615384,crimes,0.4827586206896552,0.42424242424242425,0.5384615384615384,0.4666666666666667,Neutral,yea punch windows
806375108751347713,2016-12-06,23:49:42,austin,0.6153846153846154,crimes,0.5517241379310345,0.48484848484848486,0.6153846153846154,0.5333333333333333,Negative,death grip yo ass call assassination
806370477430214656,2016-12-06,23:31:18,austin,0.6785714285714286,crimes,0.6129032258064516,0.5882352941176471,0.6785714285714286,0.6451612903225806,Neutral,mongolian hot pot 0 10 died food baby doesnt go away feed u death
806366398847000576,2016-12-06,23:15:05,austin,0.6153846153846154,crimes,0.5517241379310345,0.48484848484848486,0.6153846153846154,0.5333333333333333,Neutral,tf dude voice dead yall listening
806358866917294080,2016-12-06,22:45:09,austin,0.34615384615384615,crimes,0.3103448275862069,0.2727272727272727,0.34615384615384615,0.3,Negative,riot trending
806356558477164545,2016-12-06,22:35:59,austin,0.5384615384615384,crimes,0.4827586206896552,0.42424242424242425,0.5384615384615384,0.4666666666666667,Positive,love baby dont hurt dont hurt
806355954472275968,2016-12-06,22:33:35,austin,0.3076923076923077,crimes,0.27586206896551724,0.24242424242424243,0.3076923076923077,0.26666666666666666,Negative,like im dead
806350614917693440,2016-12-06,22:12:22,austin,0.34615384615384615,crimes,0.3103448275862069,0.2727272727272727,0.34615384615384615,0.3,Negative,hurt people hurt people
806349577339228161,2016-12-06,22:08:15,austin,0.23076923076923078,crimes,0.20689655172413793,0.18181818181818182,0.23076923076923078,0.2,Negative,dead asf
806349017693245440,2016-12-06,22:06:01,austin,0.8148148148148148,crimes,0.7333333333333333,0.6,0.8148148148148148,0.7666666666666667,Neutral,amp white supremacist speak campus today junior year hs wanted 2 go lol dodged bullet w one
806346352741515264,2016-12-06,21:55:26,austin,0.23076923076923078,crimes,0.20689655172413793,0.18181818181818182,0.23076923076923078,0.2,Negative,sorry loss
806345020307599360,2016-12-06,21:50:08,austin,0.6923076923076923,crimes,0.6206896551724138,0.5454545454545454,0.6923076923076923,0.6,Neutral,overheard elf pub run ears starting hurt ears
806343350328684544,2016-12-06,21:43:30,austin,0.6923076923076923,crimes,0.6206896551724138,0.5454545454545454,0.6923076923076923,0.6,Negative,pussy passive aggressive motherfucker
806343002130157573,2016-12-06,21:42:07,austin,0.46153846153846156,crimes,0.41379310344827586,0.36363636363636365,0.46153846153846156,0.3548387096774194,Negative,texas offense anemic
806342540484083712,2016-12-06,21:40:17,austin,0.7307692307692307,crimes,0.6551724137931034,0.5757575757575758,0.7307692307692307,0.6333333333333333,Neutral,sure hurt brown belt ippon kumite pre game capoiera
806339600566353920,2016-12-06,21:28:36,austin,0.5185185185185185,crimes,0.4666666666666667,0.4117647058823529,0.5185185185185185,0.45161290322580644,Neutral,thats 4 jarrett allen longhorns going hurt rest night
806336599449600000,2016-12-06,21:16:40,austin,0.5185185185185185,crimes,0.5172413793103449,0.4117647058823529,0.5185185185185185,0.5,Neutral,need grand theft auto death sequence
806336456490893317,2016-12-06,21:16:06,austin,0.8076923076923077,crimes,0.7241379310344828,0.6363636363636364,0.8076923076923077,0.6451612903225806,Negative,yeah support rape exception abortion bans dont want rape crisis centers talking abortion thats
806336122922139649,2016-12-06,21:14:47,austin,0.8846153846153846,crimes,0.7931034482758621,0.696969696969697,0.8846153846153846,0.7666666666666667,Negative,miss primaries favorite hobby tweeting defunded rape crisis clinics every time talked
806334752450084866,2016-12-06,21:09:20,austin,0.5384615384615384,crimes,0.4827586206896552,0.42424242424242425,0.5384615384615384,0.4666666666666667,Positive,honesty best offense hack want take
806320538989772801,2016-12-06,20:12:51,austin,0.46153846153846156,crimes,0.41379310344827586,0.36363636363636365,0.46153846153846156,0.3548387096774194,Neutral,dont get fooled texas offense
806320317425733632,2016-12-06,20:11:59,austin,0.6206896551724138,crimes,0.6129032258064516,0.5428571428571428,0.6206896551724138,0.59375,Neutral,longhorns go timeout 3 6 looking disorganized offense story different gym
806319325774827520,2016-12-06,20:08:02,austin,0.7692307692307693,crimes,0.6896551724137931,0.6060606060606061,0.7692307692307693,0.6666666666666666,Neutral,longhorns turnover turns first points game michigan offense killing longhorns early
806311703973609473,2016-12-06,19:37:45,austin,0.6538461538461539,crimes,0.5862068965517241,0.5151515151515151,0.6538461538461539,0.5666666666666667,Neutral,donald canceling boeing contract air force one dont look plane protects president
806306338993295360,2016-12-06,19:16:26,austin,0.6923076923076923,crimes,0.6206896551724138,0.5454545454545454,0.6923076923076923,0.6,Neutral,sky port color television tuned dead channel
806298670392020993,2016-12-06,18:45:57,austin,0.7307692307692307,crimes,0.6551724137931034,0.5757575757575758,0.7307692307692307,0.6333333333333333,Neutral,new angle tonights punch comedy cap city comedy club
806297700270567424,2016-12-06,18:42:06,austin,0.8076923076923077,crimes,0.7241379310344828,0.6363636363636364,0.8076923076923077,0.7,Neutral,hey whats site dm dont get additional popularity alternatively send abuse case
806296594685526017,2016-12-06,18:37:43,austin,0.7307692307692307,crimes,0.6551724137931034,0.5757575757575758,0.7307692307692307,0.6333333333333333,Neutral,walking dead cowboys something common fact good seasons
806295197558702080,2016-12-06,18:32:09,austin,0.7692307692307693,crimes,0.6896551724137931,0.6060606060606061,0.7692307692307693,0.6666666666666666,Neutral,one time went whataburger three days row everything beautiful nothing hurt
806291262483603456,2016-12-06,18:16:31,austin,0.5,crimes,0.4482758620689655,0.3939393939393939,0.5,0.43333333333333335,Positive,dont hurt like used
806288554544467968,2016-12-06,18:05:46,austin,0.6153846153846154,crimes,0.5517241379310345,0.48484848484848486,0.6153846153846154,0.5333333333333333,Neutral,gotta let know ive kidnapped leave make dinner
806286370029404160,2016-12-06,17:57:05,austin,0.5769230769230769,crimes,0.5172413793103449,0.45454545454545453,0.5769230769230769,0.5,Neutral,bitch type dudes kick lollll
806282267983282176,2016-12-06,17:40:47,austin,0.5,crimes,0.45161290322580644,0.4411764705882353,0.5,0.4375,Neutral,outfitted big force 626 cargo box
806281086401728512,2016-12-06,17:36:05,austin,0.5769230769230769,crimes,0.5172413793103449,0.45454545454545453,0.5769230769230769,0.5,Negative,suicideboys garbage im dead af
806280274539593728,2016-12-06,17:32:52,austin,0.8076923076923077,crimes,0.7241379310344828,0.6363636363636364,0.8076923076923077,0.7,Neutral,yes mom saved mans life early death also gave person new vision helped burn patient
806273528140103681,2016-12-06,17:06:03,austin,0.6206896551724138,crimes,0.5625,0.5882352941176471,0.6206896551724138,0.5454545454545454,Negative,hb508 relating lobbying former members legislature creating criminal offense
806263554622029828,2016-12-06,16:26:25,austin,0.6538461538461539,crimes,0.5862068965517241,0.5151515151515151,0.6538461538461539,0.5161290322580645,Neutral,ev keevs punch mixology
806258479983972352,2016-12-06,16:06:15,austin,0.7307692307692307,crimes,0.6551724137931034,0.5294117647058824,0.7307692307692307,0.6333333333333333,Neutral,isnt great dont dispute jeff fisher saying danny woodhead patriots tell
806258417207836673,2016-12-06,16:06:00,austin,0.6923076923076923,crimes,0.6206896551724138,0.5454545454545454,0.6923076923076923,0.6,Neutral,im gonna need someone come stadium punch face concentrate term paper thanks
806254293561053184,2016-12-06,15:49:37,austin,0.5769230769230769,crimes,0.5172413793103449,0.45454545454545453,0.5769230769230769,0.5,Negative,choice sue possibly battle death
806250928957489155,2016-12-06,15:36:15,austin,0.6551724137931034,crimes,0.59375,0.5714285714285714,0.6551724137931034,0.625,Neutral,sb270 relating health benefit plan coverage abuse deterrent opioid analgesic drugs
806247601750343680,2016-12-06,15:23:02,austin,0.8076923076923077,crimes,0.7241379310344828,0.6363636363636364,0.8076923076923077,0.7,Negative,almost wish convinced hell dead people suffer eternally forgive
808098441612103680,2016-12-11,17:57:36,austin,0.6666666666666666,crimes,0.6551724137931034,0.5294117647058824,0.6666666666666666,0.6333333333333333,Neutral,walking dead isnt even walkers zombies anymore way drama
808077012418097152,2016-12-11,16:32:27,austin,0.6923076923076923,crimes,0.6206896551724138,0.5454545454545454,0.6923076923076923,0.6,Neutral,im dead trying learn mansae seventeen ive practicing unmirrored version dance reverse
808075388370960384,2016-12-11,16:26:00,austin,0.6923076923076923,crimes,0.6206896551724138,0.5,0.6923076923076923,0.6,Neutral,job offense possessing ball hard play way
808074335013535745,2016-12-11,16:21:49,austin,0.6923076923076923,crimes,0.6206896551724138,0.5454545454545454,0.6923076923076923,0.6,Neutral,saints offense making really hard defense last games many snaps
808073981261705221,2016-12-11,16:20:25,austin,0.19230769230769232,crimes,0.1724137931034483,0.15151515151515152,0.19230769230769232,0.16666666666666666,Negative,offense
808066210474692610,2016-12-11,15:49:32,austin,0.2692307692307692,crimes,0.2413793103448276,0.21212121212121213,0.2692307692307692,0.23333333333333334,Negative,look dead
808063282137432064,2016-12-11,15:37:54,austin,0.4230769230769231,crimes,0.3793103448275862,0.3333333333333333,0.4230769230769231,0.36666666666666664,Neutral,wanna punch dad face
808047486661197825,2016-12-11,14:35:08,austin,0.6538461538461539,crimes,0.5862068965517241,0.47058823529411764,0.6538461538461539,0.5666666666666667,Neutral,time burn besides david johnson offense
808045249612300288,2016-12-11,14:26:14,austin,0.6153846153846154,crimes,0.5517241379310345,0.48484848484848486,0.6153846153846154,0.5333333333333333,Neutral,bloody mary michelada sunday
808044126826532869,2016-12-11,14:21:47,austin,0.11538461538461539,crimes,0.10344827586206896,0.09090909090909091,0.11538461538461539,0.1,Negative,dead
808043593315352579,2016-12-11,14:19:40,austin,0.5925925925925926,crimes,0.5862068965517241,0.47058823529411764,0.5925925925925926,0.5666666666666667,Neutral,ok butt grill smoking done kick tom cruz studios
808042089556701185,2016-12-11,14:13:41,austin,0.6153846153846154,crimes,0.5517241379310345,0.48484848484848486,0.6153846153846154,0.5333333333333333,Neutral,breaking nelson aghlor sucks kick returns
808034254538108928,2016-12-11,13:42:33,austin,0.8076923076923077,crimes,0.7241379310344828,0.6363636363636364,0.8076923076923077,0.7,Negative,hate beach boys people talk good pet sounds pictured burning death rampaging dick fire
808023773102358528,2016-12-11,13:00:54,austin,0.7692307692307693,crimes,0.6896551724137931,0.6060606060606061,0.7692307692307693,0.6666666666666666,Neutral,ribs biscuits gravy bloody marys gospel get amen stubbs austin brunch
808019875188895745,2016-12-11,12:45:25,austin,0.6153846153846154,crimes,0.5517241379310345,0.48484848484848486,0.6153846153846154,0.5333333333333333,Neutral,ready watch kick giant butt
808016627900022789,2016-12-11,12:32:30,austin,0.38461538461538464,crimes,0.3448275862068966,0.30303030303030304,0.38461538461538464,0.3333333333333333,Negative,lol hurt watch
808004391525642240,2016-12-11,11:43:53,austin,0.71875,addictions,0.6363636363636364,0.6571428571428571,0.7,0.71875,Neutral,drinking wake dead nitro 2016 flying saucer draught emporium
807997053397794816,2016-12-11,11:14:44,austin,0.8076923076923077,crimes,0.7241379310344828,0.6363636363636364,0.8076923076923077,0.7,Neutral,hahahaha omg im dead lol last minute move shouldve kept thread facebook lol
809547334929547264,2016-12-15,17:54:59,austin,0.5769230769230769,crimes,0.5172413793103449,0.45454545454545453,0.5769230769230769,0.5,Neutral,ap human geography going death
809547085573976065,2016-12-15,17:54:00,austin,0.6923076923076923,crimes,0.6206896551724138,0.5454545454545454,0.6923076923076923,0.6,Neutral,fcc chairman departure death knell net neutrality via
809545371814871040,2016-12-15,17:47:11,austin,0.6923076923076923,crimes,0.6206896551724138,0.5454545454545454,0.6923076923076923,0.6,Neutral,senate democrats propose bill force trump divest
809536869109207041,2016-12-15,17:13:24,austin,0.7692307692307693,crimes,0.6896551724137931,0.6060606060606061,0.7692307692307693,0.6666666666666666,Neutral,actions north carolina republicans preview trumps america ruthless assault remaining democratic principles
809534121894617088,2016-12-15,17:02:29,austin,0.6153846153846154,crimes,0.5517241379310345,0.48484848484848486,0.6153846153846154,0.5333333333333333,Negative,dealing death like working morgue
809515497788153856,2016-12-15,15:48:29,austin,0.7307692307692307,crimes,0.6551724137931034,0.5757575757575758,0.7307692307692307,0.6333333333333333,Negative,animal brain pro death penalty know better sometimes hard wish people hurt others dead
809513698612178944,2016-12-15,15:41:20,austin,0.5,crimes,0.4482758620689655,0.3939393939393939,0.5,0.43333333333333335,Neutral,dont let hurt dont look cant hurt dont look
809512460843646976,2016-12-15,15:36:25,austin,0.6153846153846154,crimes,0.5517241379310345,0.48484848484848486,0.6153846153846154,0.5333333333333333,Negative,feelings hurt well bad
809511465262649344,2016-12-15,15:32:27,austin,0.7777777777777778,crimes,0.7,0.6176470588235294,0.7777777777777778,0.6774193548387096,Neutral,yall want 2 force right wing extremism lives amp blatant overreach
809509599590092801,2016-12-15,15:25:03,austin,0.7777777777777778,crimes,0.7586206896551724,0.5714285714285714,0.7777777777777778,0.7333333333333333,Neutral,injection switch bzzzzzt bullet every one shot harsh hmph bang bang bang
809506892099764224,2016-12-15,15:14:17,austin,0.6923076923076923,crimes,0.6206896551724138,0.5454545454545454,0.6923076923076923,0.6,Positive,dude thanks much love card awesome kick rock
809505325133025281,2016-12-15,15:08:04,austin,0.5,crimes,0.4482758620689655,0.3939393939393939,0.5,0.43333333333333335,Negative,thats professor kick ass
809503995794493440,2016-12-15,15:02:47,austin,0.7407407407407407,crimes,0.7241379310344828,0.5428571428571428,0.7407407407407407,0.7,Neutral,dammit couldnt dr jerry punch pic queued everything beloved tl
809500868919824384,2016-12-15,14:50:21,austin,0.6923076923076923,crimes,0.6206896551724138,0.5454545454545454,0.6923076923076923,0.6,Negative,im fan death penalty oppose cases dylann roof yeah fry youll see tears
809492510804480000,2016-12-15,14:17:08,austin,0.6153846153846154,crimes,0.5517241379310345,0.48484848484848486,0.6153846153846154,0.5333333333333333,Neutral,snap dead man like forreal gonna sit lie
809491412576309248,2016-12-15,14:12:47,austin,0.5384615384615384,crimes,0.4827586206896552,0.42424242424242425,0.5384615384615384,0.4666666666666667,Neutral,come kick us saturday
809484903066796033,2016-12-15,13:46:55,austin,0.34615384615384615,crimes,0.3103448275862069,0.2727272727272727,0.34615384615384615,0.3,Negative,die least im dead
809482446093877248,2016-12-15,13:37:09,austin,0.6923076923076923,crimes,0.6206896551724138,0.5454545454545454,0.6923076923076923,0.6,Negative,youve hurt truck automobile accident
809480445960290305,2016-12-15,13:29:12,austin,0.6153846153846154,crimes,0.5517241379310345,0.48484848484848486,0.6153846153846154,0.5333333333333333,Neutral,think anesthetic dentist gave making chest hurt
809478098420908032,2016-12-15,13:19:52,austin,0.34615384615384615,crimes,0.3103448275862069,0.2727272727272727,0.34615384615384615,0.3,Negative,ira got dead
810257157945966594,2016-12-17,16:55:34,austin,0.6153846153846154,crimes,0.5517241379310345,0.48484848484848486,0.6153846153846154,0.5333333333333333,Neutral,dont know lifes gonna take know others life death
810256052080021505,2016-12-17,16:51:11,austin,0.5769230769230769,crimes,0.5172413793103449,0.45454545454545453,0.5769230769230769,0.5,Negative,told uh fans told stop shitty offense
810249681494306816,2016-12-17,16:25:52,austin,0.5,addictions,0.42424242424242425,0.45714285714285713,0.4666666666666667,0.5,Positive,good 2016 lists top 1 empire death
810245227168628736,2016-12-17,16:08:10,austin,0.5384615384615384,crimes,0.4827586206896552,0.42424242424242425,0.5384615384615384,0.4666666666666667,Negative,head hurts brake force
810239882887069697,2016-12-17,15:46:56,austin,0.4482758620689655,hate,0.4482758620689655,0.35294117647058826,0.4444444444444444,0.43333333333333335,Negative,death liquor bottle
810229010076762112,2016-12-17,15:03:43,austin,0.5384615384615384,crimes,0.4827586206896552,0.42424242424242425,0.5384615384615384,0.4666666666666667,Negative,looks like night living dead
810227345986650113,2016-12-17,14:57:07,austin,0.11538461538461539,crimes,0.10344827586206896,0.09090909090909091,0.11538461538461539,0.1,Negative,dead
810226759333462023,2016-12-17,14:54:47,austin,0.6923076923076923,crimes,0.6206896551724138,0.5454545454545454,0.6923076923076923,0.6,Negative,hello would like report abuse sick pervert
810212827226980352,2016-12-17,13:59:25,austin,0.4230769230769231,crimes,0.3793103448275862,0.3333333333333333,0.4230769230769231,0.36666666666666664,Negative,anyone see youre dead inside
810205650546556929,2016-12-17,13:30:54,austin,0.5384615384615384,crimes,0.4827586206896552,0.42424242424242425,0.5384615384615384,0.4666666666666667,Neutral,party punch casa de eller
810204279780900864,2016-12-17,13:25:27,austin,0.5769230769230769,crimes,0.5172413793103449,0.45454545454545453,0.5769230769230769,0.5,Positive,agreed trinidad win punched ticket
810201845964554241,2016-12-17,13:15:47,austin,0.5769230769230769,crimes,0.5172413793103449,0.45454545454545453,0.5769230769230769,0.5,Neutral,offense im dragcentric debs fan
810198752241795072,2016-12-17,13:03:29,austin,0.71875,addictions,0.6363636363636364,0.6111111111111112,0.7,0.71875,Neutral,god incredible offense jag shark happens tuesday 2016
810187722547720192,2016-12-17,12:19:40,austin,0.6153846153846154,crimes,0.5517241379310345,0.48484848484848486,0.6153846153846154,0.5333333333333333,Neutral,probably deserve punch every
810186985050701824,2016-12-17,12:16:44,austin,0.6538461538461539,crimes,0.5862068965517241,0.5151515151515151,0.6538461538461539,0.5666666666666667,Neutral,ill volunteer punch get way
810181429128630272,2016-12-17,11:54:39,austin,0.5769230769230769,crimes,0.5172413793103449,0.45454545454545453,0.5769230769230769,0.5,Neutral,could score goals bloody good memories
810177694482726912,2016-12-17,11:39:49,austin,0.34615384615384615,crimes,0.3103448275862069,0.2727272727272727,0.34615384615384615,0.3,Negative,lol heart hurt
810176220205879296,2016-12-17,11:33:57,austin,0.6923076923076923,crimes,0.6206896551724138,0.5454545454545454,0.6923076923076923,0.6,Negative,spoiler scrappy group rebels blow death star
810171172033855489,2016-12-17,11:13:54,austin,0.6153846153846154,crimes,0.5517241379310345,0.48484848484848486,0.6153846153846154,0.5333333333333333,Neutral,fam nails ears hurt watching
810166230896279553,2016-12-17,10:54:16,austin,0.8461538461538461,crimes,0.7586206896551724,0.6666666666666666,0.8461538461538461,0.6774193548387096,Neutral,nope rachel sphinx called mrs whiskerson phoebe adopted stray thought dead mother
810157872491401216,2016-12-17,10:21:03,austin,0.23076923076923078,crimes,0.20689655172413793,0.18181818181818182,0.23076923076923078,0.2,Negative,im dead
810155589498183682,2016-12-17,10:11:59,austin,0.5,crimes,0.4482758620689655,0.3939393939393939,0.5,0.43333333333333335,Negative,kick trap house
810134244198666241,2016-12-17,08:47:10,austin,0.8076923076923077,crimes,0.7241379310344828,0.6363636363636364,0.8076923076923077,0.7,Positive,know cause shes snowflake ready victim opportunity
810125629161029632,2016-12-17,08:12:56,austin,0.6538461538461539,crimes,0.5862068965517241,0.5151515151515151,0.6538461538461539,0.5161290322580645,Neutral,choose weapon fedex office print amp ship center
810119560410042368,2016-12-17,07:48:49,austin,0.6538461538461539,crimes,0.5862068965517241,0.5151515151515151,0.6538461538461539,0.5666666666666667,Neutral,feel right rape long cant proven law enforcement
810110684210020353,2016-12-17,07:13:32,austin,0.8076923076923077,crimes,0.7241379310344828,0.6363636363636364,0.8076923076923077,0.7,Neutral,cant ride die chick im mom gotta home make breakfast morning amp sons laundry cant shit dead
810091045589577728,2016-12-17,05:55:30,austin,0.8461538461538461,crimes,0.7586206896551724,0.6666666666666666,0.8461538461538461,0.7333333333333333,Neutral,seen gwyn davies vs steve veidor wos bully vs underdog match minimal fancygraps
810073815359324160,2016-12-17,04:47:02,austin,0.5769230769230769,crimes,0.5172413793103449,0.45454545454545453,0.5769230769230769,0.5,Negative,im even sad first dead terrorist brother man
810049371387678720,2016-12-17,03:09:54,austin,0.7307692307692307,crimes,0.6551724137931034,0.5757575757575758,0.7307692307692307,0.6333333333333333,Neutral,force awakens rogue one made episodes iii worse already
810026815335124992,2016-12-17,01:40:17,austin,0.5,crimes,0.4482758620689655,0.3939393939393939,0.5,0.43333333333333335,Negative,another kick ass night
810008345398611968,2016-12-17,00:26:53,austin,0.4230769230769231,crimes,0.3793103448275862,0.3333333333333333,0.4230769230769231,0.36666666666666664,Positive,im happy hurt man
810007226047991808,2016-12-17,00:22:26,austin,0.6538461538461539,crimes,0.5862068965517241,0.5151515151515151,0.6538461538461539,0.5666666666666667,Positive,honestly feel like everytime get feelings hurt
809990628536942593,2016-12-16,23:16:29,austin,0.5769230769230769,crimes,0.5172413793103449,0.45454545454545453,0.5769230769230769,0.5,Neutral,needed utensils donuts pulled steak knife boot
809988080409133056,2016-12-16,23:06:21,austin,0.6666666666666666,crimes,0.6,0.5757575757575758,0.6666666666666666,0.5806451612903226,Neutral,kick high gear minus 9 days christmas cant even imagine going run
809982380241014784,2016-12-16,22:43:42,austin,0.6923076923076923,crimes,0.6206896551724138,0.5454545454545454,0.6923076923076923,0.6,Negative,may may stolen death star plans secure archives
809980915648790528,2016-12-16,22:37:53,austin,0.6923076923076923,crimes,0.6206896551724138,0.5454545454545454,0.6923076923076923,0.6,Neutral,guys parents might kick worth
809980172942409728,2016-12-16,22:34:56,austin,0.5769230769230769,crimes,0.5172413793103449,0.45454545454545453,0.5769230769230769,0.5,Neutral,mother trucker dude hurt like butt cheek stick
809978499272507392,2016-12-16,22:28:17,austin,0.8518518518518519,crimes,0.7666666666666667,0.6764705882352942,0.8518518518518519,0.7419354838709677,Neutral,ended digging excessive force end wasnt sold 2nd half thomas ian griffith probably wasnt huge leading man potential
809977480195035136,2016-12-16,22:24:14,austin,0.8076923076923077,crimes,0.7241379310344828,0.6363636363636364,0.8076923076923077,0.7,Neutral,blaming victim never goes style asking like woman halter wanting wolf whistled
809973072115757056,2016-12-16,22:06:43,austin,0.6538461538461539,crimes,0.5862068965517241,0.5151515151515151,0.6538461538461539,0.5666666666666667,Neutral,opening weekend force may alamo
810986172973510656,2016-12-19,17:12:25,austin,0.6923076923076923,crimes,0.6206896551724138,0.5454545454545454,0.6923076923076923,0.6,Neutral,music video force wills available viewing
810984218679459840,2016-12-19,17:04:39,austin,0.6538461538461539,crimes,0.5862068965517241,0.5151515151515151,0.6538461538461539,0.5666666666666667,Negative,look niggas dead shit repeat better change
810982548310462465,2016-12-19,16:58:01,austin,0.4230769230769231,crimes,0.3793103448275862,0.29411764705882354,0.4230769230769231,0.36666666666666664,Neutral,juke jam makes heart hurt
810979602424332288,2016-12-19,16:46:19,austin,0.6153846153846154,crimes,0.5517241379310345,0.48484848484848486,0.6153846153846154,0.5333333333333333,Negative,sending death threats vote remember nope
810978752523927552,2016-12-19,16:42:56,austin,0.23076923076923078,crimes,0.20689655172413793,0.18181818181818182,0.23076923076923078,0.2,Negative,ill dead
810977013486014464,2016-12-19,16:36:01,austin,0.8076923076923077,crimes,0.7241379310344828,0.6363636363636364,0.8076923076923077,0.6451612903225806,Neutral,two electors great state texas didnt vote trump kick fuck
810974750927421440,2016-12-19,16:27:02,austin,0.6923076923076923,crimes,0.6206896551724138,0.5454545454545454,0.6923076923076923,0.6,Positive,dont care bad candidate least supporters wouldnt outright want dead
810972965110251520,2016-12-19,16:19:56,austin,0.6923076923076923,crimes,0.6206896551724138,0.5454545454545454,0.6923076923076923,0.6,Neutral,easily could wound totally different team situation outcome would played senior year
810968026053021696,2016-12-19,16:00:19,austin,0.7692307692307693,crimes,0.6896551724137931,0.6060606060606061,0.7692307692307693,0.6666666666666666,Positive,want weapons library books best weapon world rooms greatest arsenal could arm
810967269417381888,2016-12-19,15:57:18,austin,0.7692307692307693,crimes,0.6896551724137931,0.5588235294117647,0.7692307692307693,0.6129032258064516,Neutral,next person makes joke voice getting throat punched
810952089341980676,2016-12-19,14:56:59,austin,0.7777777777777778,crimes,0.7586206896551724,0.6176470588235294,0.7777777777777778,0.7333333333333333,Neutral,patrick swayzy coming back dead save us wolverines
810947314756022273,2016-12-19,14:38:01,austin,0.6923076923076923,crimes,0.6206896551724138,0.5454545454545454,0.6923076923076923,0.6,Positive,dude want kick ass neighbors like
810947132215750656,2016-12-19,14:37:17,austin,0.7777777777777778,crimes,0.7586206896551724,0.6176470588235294,0.7777777777777778,0.7333333333333333,Neutral,could right tho feminists maintain propaganda false stats women raped zionists probably could
810945580277108736,2016-12-19,14:31:07,austin,0.8076923076923077,crimes,0.7241379310344828,0.6363636363636364,0.8076923076923077,0.7,Neutral,problem kosher halal comes people force upon everyone throats many western leftists
810943686573953024,2016-12-19,14:23:36,austin,0.6896551724137931,crimes,0.625,0.6,0.6896551724137931,0.6060606060606061,Neutral,well stabbing murder rape games new year amp extra 200 000 400 000 crimes result migrants hear
810943315457835008,2016-12-19,14:22:07,austin,0.34615384615384615,crimes,0.3103448275862069,0.2727272727272727,0.34615384615384615,0.3,Negative,committed im dead
810940295902859264,2016-12-19,14:10:07,austin,0.23076923076923078,crimes,0.20689655172413793,0.18181818181818182,0.23076923076923078,0.2,Negative,im dead
810935287585107968,2016-12-19,13:50:13,austin,0.6923076923076923,crimes,0.6206896551724138,0.5454545454545454,0.6923076923076923,0.6,Neutral,look today russian ambassador shot dead muslim guess
810930400877039618,2016-12-19,13:30:48,austin,0.7307692307692307,crimes,0.6551724137931034,0.5757575757575758,0.7307692307692307,0.6333333333333333,Positive,thanks asking tammy got lots friends promised hurt
810926601722544128,2016-12-19,13:15:42,austin,0.7307692307692307,crimes,0.6551724137931034,0.5757575757575758,0.7307692307692307,0.6333333333333333,Neutral,people nowadays force relationships one amp wonder theyre unhappy
810920325491949568,2016-12-19,12:50:46,austin,0.7692307692307693,crimes,0.6896551724137931,0.5588235294117647,0.7692307692307693,0.6129032258064516,Neutral,shame job decide package needs folded order force mailbox
810918032600158212,2016-12-19,12:41:39,austin,0.7586206896551724,crimes,0.6875,0.7058823529411765,0.7586206896551724,0.71875,Neutral,mobile web dead takes 5 10s even begin scrolling sites visit without adblocker choppy best
810917561407709188,2016-12-19,12:39:47,austin,0.6153846153846154,crimes,0.5517241379310345,0.48484848484848486,0.6153846153846154,0.5333333333333333,Negative,tomorrows finals gonna death
810910946013118464,2016-12-19,12:13:30,austin,0.7307692307692307,crimes,0.6551724137931034,0.5757575757575758,0.7307692307692307,0.6333333333333333,Positive,force strong staff well celebrate end hard worked year together rebels early close tonight
810906390999007232,2016-12-19,11:55:24,austin,0.7692307692307693,crimes,0.6896551724137931,0.6060606060606061,0.7692307692307693,0.6666666666666666,Neutral,sounds awful lot like brown shirt force saying
810906285843644417,2016-12-19,11:54:59,austin,0.6296296296296297,crimes,0.6206896551724138,0.5,0.6296296296296297,0.6,Neutral,omg forgot amazing old la dispute albums
810903435587493888,2016-12-19,11:43:39,austin,0.8076923076923077,crimes,0.7241379310344828,0.6363636363636364,0.8076923076923077,0.7,Neutral,reviewed nemesis part series inspired book good tough amp deadly
810901572200894465,2016-12-19,11:36:15,austin,0.6551724137931034,crimes,0.59375,0.6176470588235294,0.6551724137931034,0.5757575757575758,Neutral,hb638 relating prosecution offense operation unmanned aircraft correctional facili
810897670999052288,2016-12-19,11:20:45,austin,0.5,crimes,0.4482758620689655,0.3939393939393939,0.5,0.43333333333333335,Negative,omg im fucking dead
810889865487335424,2016-12-19,10:49:44,austin,0.6666666666666666,addictions,0.5806451612903226,0.5588235294117647,0.6428571428571429,0.6666666666666666,Neutral,1 agreed donnie yens characters death got 2 googled originally spelled segway lmao
810883313967788032,2016-12-19,10:23:42,austin,0.5384615384615384,crimes,0.4827586206896552,0.42424242424242425,0.5384615384615384,0.4666666666666667,Negative,involved fatal baltimore via
810879796045561856,2016-12-19,10:09:43,austin,0.8148148148148148,crimes,0.7931034482758621,0.6,0.8148148148148148,0.7666666666666667,Neutral,gradual reveals godzilla kaiju incremental use death star amp vader fella similarly meted throughout
810879452972466176,2016-12-19,10:08:21,austin,0.6153846153846154,crimes,0.5517241379310345,0.48484848484848486,0.6153846153846154,0.5333333333333333,Negative,truth everyone going hurt got find ones worth suffering
810862157420183552,2016-12-19,08:59:38,austin,0.5769230769230769,crimes,0.5172413793103449,0.45454545454545453,0.5769230769230769,0.5,Negative,predict heart attacks amp sudden cardiac death
810856779055828996,2016-12-19,08:38:15,austin,0.8846153846153846,crimes,0.7931034482758621,0.696969696969697,0.8846153846153846,0.7666666666666667,Neutral,bro swear imma stick kalys lil passive aggressive ass rlly boutta catch hands fr yo playing
810848685076705280,2016-12-19,08:06:06,austin,0.8076923076923077,crimes,0.7241379310344828,0.5882352941176471,0.8076923076923077,0.7,Neutral,gonna draw shit makes look like jack nicholson shining still act like youre victim
810845245911007233,2016-12-19,07:52:26,austin,0.7142857142857143,crimes,0.6451612903225806,0.5714285714285714,0.7142857142857143,0.6774193548387096,Neutral,actually offense didnt play bad last year sans games lot 20 point games sucked
810788434881236992,2016-12-19,04:06:41,austin,0.6428571428571429,crimes,0.6333333333333333,0.5588235294117647,0.6428571428571429,0.6129032258064516,Neutral,never really know man divorced zsa zsa gabor dead 99 divine knowing
810774447607009280,2016-12-19,03:11:06,austin,0.6785714285714286,crimes,0.6129032258064516,0.5882352941176471,0.6785714285714286,0.6451612903225806,Negative,1 dead 5 injured tree falls wedding party california
810772680530165760,2016-12-19,03:04:05,austin,0.2692307692307692,crimes,0.2413793103448276,0.21212121212121213,0.2692307692307692,0.23333333333333334,Negative,said im dead
811353813206597637,2016-12-20,17:33:17,austin,0.7307692307692307,crimes,0.6551724137931034,0.5294117647058824,0.7307692307692307,0.6333333333333333,Neutral,secret santa knows love overwatch soft objects dont hurt coworkers throw
811344034174222336,2016-12-20,16:54:26,austin,0.5,crimes,0.4482758620689655,0.3939393939393939,0.5,0.43333333333333335,Negative,swedish death metal better
811341126728908805,2016-12-20,16:42:53,austin,0.7037037037037037,crimes,0.6333333333333333,0.5588235294117647,0.7037037037037037,0.6129032258064516,Neutral,ends jan 7 amp cant see value continuing f death
811340176903602176,2016-12-20,16:39:06,austin,0.5185185185185185,crimes,0.4666666666666667,0.45454545454545453,0.5185185185185185,0.45161290322580644,Negative,9 dead nc church shooting
811339804629762048,2016-12-20,16:37:38,austin,0.3333333333333333,crimes,0.3,0.30303030303030304,0.3333333333333333,0.2903225806451613,Negative,nc 9 dead church
811334925744041988,2016-12-20,16:18:14,austin,0.34615384615384615,crimes,0.3103448275862069,0.2727272727272727,0.34615384615384615,0.3,Neutral,wanna punch wall
811330399184027648,2016-12-20,16:00:15,austin,0.6785714285714286,crimes,0.6129032258064516,0.5882352941176471,0.6785714285714286,0.6451612903225806,Neutral,omg bloody knew wont get 2 watch 4 hrs im working 2 chime
811326626004930560,2016-12-20,15:45:16,austin,0.7692307692307693,crimes,0.6896551724137931,0.5588235294117647,0.7692307692307693,0.6129032258064516,Negative,im dead serious snarking joking ranting exaggerating thats textbook dictatorship h
811325835131109376,2016-12-20,15:42:07,austin,0.5769230769230769,crimes,0.5172413793103449,0.45454545454545453,0.5769230769230769,0.5,Negative,want get pedicure feet hurt
811323599755874304,2016-12-20,15:33:14,austin,0.6153846153846154,crimes,0.5517241379310345,0.48484848484848486,0.6153846153846154,0.5333333333333333,Neutral,mom thinks somebody punch eyes
811318804756254721,2016-12-20,15:14:11,austin,0.6153846153846154,crimes,0.5517241379310345,0.48484848484848486,0.6153846153846154,0.5333333333333333,Neutral,smell foot fool go sleep come learn kick like pro
811307501950013444,2016-12-20,14:29:16,austin,0.5384615384615384,crimes,0.4827586206896552,0.42424242424242425,0.5384615384615384,0.4666666666666667,Neutral,mutes half people follow tl dead
811305680636379136,2016-12-20,14:22:02,austin,0.6666666666666666,addictions,0.5806451612903226,0.5588235294117647,0.6428571428571429,0.6666666666666666,Neutral,name calling make friends fm ricardo 21 im hurt
811305595038998528,2016-12-20,14:21:41,austin,0.6666666666666666,crimes,0.6,0.5757575757575758,0.6666666666666666,0.6333333333333333,Neutral,gotta stop taking everything offense thats rule 1
811302782170906624,2016-12-20,14:10:31,austin,0.6538461538461539,crimes,0.5862068965517241,0.5151515151515151,0.6538461538461539,0.5666666666666667,Neutral,hope sid miller doesnt punch face
811299368917680133,2016-12-20,13:56:57,austin,0.6896551724137931,crimes,0.625,0.6,0.6896551724137931,0.6060606060606061,Neutral,yup austin main rds 45mph amp people drive 35 reason im aggressive jersey driver worst
811292843243372544,2016-12-20,13:31:01,austin,0.7037037037037037,crimes,0.6896551724137931,0.5142857142857142,0.7037037037037037,0.6666666666666666,Neutral,possible force jekyll use ssl http requests get redirected
811290501953585157,2016-12-20,13:21:43,austin,0.7307692307692307,crimes,0.6551724137931034,0.5757575757575758,0.7307692307692307,0.6333333333333333,Neutral,cigs deadly chemicals shouldnt going body smells horrible weed natural doesnt harm
811286781152858112,2016-12-20,13:06:56,austin,0.6153846153846154,crimes,0.5517241379310345,0.48484848484848486,0.6153846153846154,0.5333333333333333,Neutral,note self research death comments sections continues time dot com
811263228013592576,2016-12-20,11:33:20,austin,0.5384615384615384,crimes,0.4827586206896552,0.42424242424242425,0.5384615384615384,0.4666666666666667,Negative,deserves way like death
811719858530451457,2016-12-21,17:47:49,austin,0.8076923076923077,crimes,0.7241379310344828,0.6363636363636364,0.8076923076923077,0.7,Positive,heartwarming holiday coincidence serious buyer laptop wound wonderful
811713573999300609,2016-12-21,17:22:51,austin,0.7142857142857143,crimes,0.6451612903225806,0.6176470588235294,0.7142857142857143,0.6774193548387096,Neutral,merck awarded 2 5 billion dispute gilead drugs gilead appeal latest verdict
811711864367382529,2016-12-21,17:16:03,austin,0.6666666666666666,guns,0.59375,0.6666666666666666,0.6551724137931034,0.5757575757575758,Negative,hb694 relating response time investigating report abuse neglect child
811710906862280704,2016-12-21,17:12:15,austin,0.5769230769230769,crimes,0.5172413793103449,0.45454545454545453,0.5769230769230769,0.5,Negative,bully deserved beating
811710254434099204,2016-12-21,17:09:40,austin,0.6333333333333333,crimes,0.5757575757575758,0.6,0.6333333333333333,0.6060606060606061,Neutral,signed today part next year watch 2017 im going kick ass
811707210468388864,2016-12-21,16:57:34,austin,0.6923076923076923,crimes,0.6206896551724138,0.5454545454545454,0.6923076923076923,0.6,Positive,doesnt hurt much feels good awhile
811704312703447040,2016-12-21,16:46:03,austin,0.6206896551724138,crimes,0.5625,0.5882352941176471,0.6206896551724138,0.5454545454545454,Neutral,sb395 relating prosecution offense operation unmanned aircraft correctional facili
811702622562488320,2016-12-21,16:39:20,austin,0.8076923076923077,crimes,0.7241379310344828,0.6363636363636364,0.8076923076923077,0.6451612903225806,Neutral,existed interpersonal sandbox one could make mistakes learn without hurt anyone real
811694655922470912,2016-12-21,16:07:41,austin,0.38461538461538464,crimes,0.3448275862068966,0.30303030303030304,0.38461538461538464,0.3333333333333333,Neutral,kick grab sip
811690628899803138,2016-12-21,15:51:41,austin,0.8076923076923077,crimes,0.7241379310344828,0.6363636363636364,0.8076923076923077,0.7,Neutral,oh media finally acknowledging mans willful neglect directly caused death newborn goddamned time
811687836093190144,2016-12-21,15:40:35,austin,0.38461538461538464,crimes,0.3448275862068966,0.30303030303030304,0.38461538461538464,0.3333333333333333,Negative,forgot death
811686737588187136,2016-12-21,15:36:13,austin,0.696969696969697,guns,0.625,0.696969696969697,0.6896551724137931,0.6060606060606061,Negative,hb697 relating inadmissibility certain information court evidence abuse neglect
811684604465860619,2016-12-21,15:27:44,austin,0.8461538461538461,crimes,0.7586206896551724,0.6666666666666666,0.8461538461538461,0.6774193548387096,Neutral,u better flying texas kick ur weeb ass maybe hold ur hand
811682650494734336,2016-12-21,15:19:58,austin,0.8076923076923077,crimes,0.7241379310344828,0.6363636363636364,0.8076923076923077,0.7,Neutral,good stuff coming darth totally bringing wife back dead first got errands
811676533370785792,2016-12-21,14:55:40,austin,0.6785714285714286,crimes,0.6666666666666666,0.5882352941176471,0.6785714285714286,0.6451612903225806,Neutral,cant handle another onside kick tie game 4th q natty title tho bout lost mind one good lord
811676264503316480,2016-12-21,14:54:36,austin,0.8076923076923077,crimes,0.7241379310344828,0.6363636363636364,0.8076923076923077,0.7,Neutral,tempting classic offense nicks savin one back pocket bet uw trickery well
811676184899678213,2016-12-21,14:54:17,austin,0.8076923076923077,crimes,0.7241379310344828,0.6363636363636364,0.8076923076923077,0.7,Neutral,phone dead morning didnt go see nana today left voicemail crying bc scared ran away
811669075080445953,2016-12-21,14:26:02,austin,0.6538461538461539,crimes,0.5862068965517241,0.5151515151515151,0.6538461538461539,0.5666666666666667,Neutral,know still death shirt god many
811666225428316160,2016-12-21,14:14:42,austin,0.7307692307692307,crimes,0.6551724137931034,0.5757575757575758,0.7307692307692307,0.6333333333333333,Neutral,ive never europe hope get kidnapped never come back us
811654250375876608,2016-12-21,13:27:07,austin,0.8461538461538461,crimes,0.7586206896551724,0.6666666666666666,0.8461538461538461,0.7333333333333333,Neutral,know negativity coming kick high let shoe flies happy holidays miss amores cucu
811652869321555968,2016-12-21,13:21:38,austin,0.6538461538461539,crimes,0.5862068965517241,0.5151515151515151,0.6538461538461539,0.5666666666666667,Neutral,feel stronger ever force movement resistance intensity ceaseless energy eternal light
811651580802039808,2016-12-21,13:16:31,austin,0.4230769230769231,crimes,0.3793103448275862,0.3333333333333333,0.4230769230769231,0.36666666666666664,Negative,spanish dead trash
811644724557836289,2016-12-21,12:49:16,austin,0.3076923076923077,crimes,0.27586206896551724,0.24242424242424243,0.3076923076923077,0.26666666666666666,Negative,still dead
811641260469616640,2016-12-21,12:35:30,austin,0.5,crimes,0.4482758620689655,0.3939393939393939,0.5,0.43333333333333335,Negative,tired life theres purpose hurt
811639734242078720,2016-12-21,12:29:26,austin,0.6071428571428571,crimes,0.5483870967741935,0.5294117647058824,0.6071428571428571,0.5806451612903226,Neutral,wouldve guessed 10yrs ago twitter would passive aggressive outlet politics leaders
811635850501038080,2016-12-21,12:14:00,austin,0.8076923076923077,crimes,0.7241379310344828,0.6363636363636364,0.8076923076923077,0.6451612903225806,Negative,another victim broken ass copyright system america excited play
811622902822998017,2016-12-21,11:22:33,austin,0.6923076923076923,crimes,0.6206896551724138,0.5454545454545454,0.6923076923076923,0.6,Neutral,guy said one word arabic got kicked know sooo many words arabic kick
811612080558276613,2016-12-21,10:39:33,austin,0.8076923076923077,crimes,0.7241379310344828,0.6363636363636364,0.8076923076923077,0.7,Positive,powers cars shop death family first day going well happy alive though
811608586996617216,2016-12-21,10:25:40,austin,0.7307692307692307,crimes,0.6551724137931034,0.5757575757575758,0.7307692307692307,0.6333333333333333,Neutral,never business dare kick people speaking another language
811607645534687232,2016-12-21,10:21:56,austin,0.6785714285714286,crimes,0.6129032258064516,0.5,0.6785714285714286,0.6451612903225806,Neutral,january 20th end obamas abuse power cant come soon enough
811603750393704448,2016-12-21,10:06:27,austin,0.5769230769230769,crimes,0.5172413793103449,0.45454545454545453,0.5769230769230769,0.5,Neutral,insult saying cant dance youre dead
811600069422039040,2016-12-21,09:51:50,austin,0.6538461538461539,crimes,0.5862068965517241,0.5151515151515151,0.6538461538461539,0.5666666666666667,Neutral,keeping srcarpenter helped kick start wednesday
811588586856292352,2016-12-21,09:06:12,austin,0.43333333333333335,addictions,0.3548387096774194,0.35294117647058826,0.39285714285714285,0.43333333333333335,Neutral,12 hr shift finna kick ass
811585420303761408,2016-12-21,08:53:37,austin,0.7142857142857143,crimes,0.6451612903225806,0.6666666666666666,0.7142857142857143,0.6774193548387096,Neutral,deadly wreck update eb71 congress tow truck loading car lanes open shortly
811583015403089920,2016-12-21,08:44:04,austin,0.8461538461538461,crimes,0.7586206896551724,0.6176470588235294,0.8461538461538461,0.7333333333333333,Neutral,stoked announce farrah flossitt b soundtrack horror film starring actors walking dead ted amp conjuring
811580080405282816,2016-12-21,08:32:24,austin,0.46875,addictions,0.3939393939393939,0.42857142857142855,0.43333333333333335,0.46875,Neutral,last show 2016 come kick
811571872773111808,2016-12-21,07:59:47,austin,0.7692307692307693,crimes,0.6896551724137931,0.6060606060606061,0.7692307692307693,0.6666666666666666,Neutral,everyone plan get punched face cus damato oldie favorite true
811570701719060480,2016-12-21,07:55:08,austin,0.7352941176470589,guns,0.6666666666666666,0.7352941176470589,0.7333333333333333,0.6470588235294118,Neutral,atxtraffic police say driver hit guardrail eb side 71 man 40s pronounced dead sce
811568159635501056,2016-12-21,07:45:02,austin,0.7307692307692307,crimes,0.6551724137931034,0.5294117647058824,0.7307692307692307,0.6333333333333333,Negative,look death amp injury result terror islamic terror majority
811563481522700288,2016-12-21,07:26:26,austin,0.7352941176470589,guns,0.6666666666666666,0.7352941176470589,0.7333333333333333,0.6470588235294118,Neutral,atxtraffic police say driver hit guardrail eb side 71 man 40s pronounced dead scene
811561377164734464,2016-12-21,07:18:05,austin,0.8076923076923077,crimes,0.7241379310344828,0.6363636363636364,0.8076923076923077,0.6451612903225806,Neutral,atxtraffic austin police dept investigating fatal crash eb ben white near south first avoid area one
811556280015974401,2016-12-21,06:57:49,austin,0.7142857142857143,crimes,0.6451612903225806,0.6666666666666666,0.7142857142857143,0.625,Neutral,update look backups eb 71 1st st exit due deadly crash congress
811555835079901184,2016-12-21,06:56:03,austin,0.8461538461538461,crimes,0.7586206896551724,0.6176470588235294,0.8461538461538461,0.6774193548387096,Neutral,one man dead crashing fixed object ben white expect delays area mtf
811555035888881668,2016-12-21,06:52:53,austin,0.7692307692307693,crimes,0.6896551724137931,0.6060606060606061,0.7692307692307693,0.6129032258064516,Neutral,atxtraffic investigating fatal crash eb ben white near south first avoid area one lane still shut
811552302205202432,2016-12-21,06:42:01,austin,0.5769230769230769,crimes,0.5172413793103449,0.45454545454545453,0.5769230769230769,0.5,Positive,gop politicians love punch
811547016765538304,2016-12-21,06:21:01,austin,0.7692307692307693,crimes,0.6896551724137931,0.6060606060606061,0.7692307692307693,0.6666666666666666,Negative,update single veh crash eb ben white congress fatal avoid area
811481991921147904,2016-12-21,02:02:38,austin,0.34615384615384615,crimes,0.3103448275862069,0.2727272727272727,0.34615384615384615,0.3,Negative,lmfaoooo im dead
811478889088356354,2016-12-21,01:50:18,austin,0.6923076923076923,crimes,0.6206896551724138,0.5454545454545454,0.6923076923076923,0.6,Neutral,dont take tweet serious im hurt anything tweeting pops head
811465743061647364,2016-12-21,00:58:04,austin,0.6923076923076923,crimes,0.6206896551724138,0.5454545454545454,0.6923076923076923,0.6,Neutral,novela good force turn go sleep work
811443428663984134,2016-12-20,23:29:23,austin,0.7692307692307693,crimes,0.6896551724137931,0.6060606060606061,0.7692307692307693,0.6666666666666666,Negative,child abuse beat whoop spank rough slap shit disrespectful ass child called discipline
811437656253075456,2016-12-20,23:06:27,austin,0.5,crimes,0.4482758620689655,0.3939393939393939,0.5,0.43333333333333335,Negative,thoughts hurt us reality
811434502136414208,2016-12-20,22:53:55,austin,0.5,crimes,0.4482758620689655,0.3939393939393939,0.5,0.43333333333333335,Negative,holy crap hes bloody
811434201790693376,2016-12-20,22:52:44,austin,0.6923076923076923,crimes,0.6206896551724138,0.5454545454545454,0.6923076923076923,0.5483870967741935,Neutral,yall extra af dont get shot raped u idiots
811423981748256768,2016-12-20,22:12:07,austin,0.46153846153846156,crimes,0.41379310344827586,0.36363636363636365,0.46153846153846156,0.4,Negative,wish death hoe niggas
811417673926135808,2016-12-20,21:47:03,austin,0.6666666666666666,crimes,0.6551724137931034,0.5294117647058824,0.6666666666666666,0.6333333333333333,Neutral,organizations force anything people slimed
811416134385799168,2016-12-20,21:40:56,austin,0.5769230769230769,crimes,0.5172413793103449,0.45454545454545453,0.5769230769230769,0.5,Neutral,think id punch someone tbh
811412544569180160,2016-12-20,21:26:40,austin,0.6428571428571429,crimes,0.5806451612903226,0.6060606060606061,0.6428571428571429,0.5625,Neutral,nothing like 75 minute sculpt class kick booty shape
811410782000939010,2016-12-20,21:19:40,austin,0.7037037037037037,crimes,0.6896551724137931,0.5588235294117647,0.7037037037037037,0.6666666666666666,Neutral,watching suicide squad first time luv u harley quinn
811402283795812352,2016-12-20,20:45:54,austin,0.5769230769230769,crimes,0.5172413793103449,0.45454545454545453,0.5769230769230769,0.5,Negative,imagine dead serious movie criticisms
811394052046417921,2016-12-20,20:13:11,austin,0.7307692307692307,crimes,0.6551724137931034,0.5757575757575758,0.7307692307692307,0.6333333333333333,Neutral,feel like theres death family miss amp words ever tell welcome
811393629663150080,2016-12-20,20:11:30,austin,0.6363636363636364,guns,0.5625,0.6363636363636364,0.6206896551724138,0.59375,Neutral,help im dead traveling since 6 15 got home shoved sandwich throat
811393481876848640,2016-12-20,20:10:55,austin,0.40625,addictions,0.3333333333333333,0.37142857142857144,0.36666666666666664,0.40625,Neutral,1 gig kick 2017 couple gigs
811390024142962688,2016-12-20,19:57:11,austin,0.6538461538461539,crimes,0.5862068965517241,0.5151515151515151,0.6538461538461539,0.5666666666666667,Negative,always take hurt pain mom
811389066042363904,2016-12-20,19:53:22,austin,0.8076923076923077,crimes,0.7241379310344828,0.6363636363636364,0.8076923076923077,0.7,Neutral,like said feels slow heavy attack full fledged like bullet way attempt
811372700480327681,2016-12-20,18:48:21,austin,0.4230769230769231,crimes,0.3793103448275862,0.3333333333333333,0.4230769230769231,0.36666666666666664,Neutral,dark side force
811368395870507008,2016-12-20,18:31:14,austin,0.7333333333333333,addictions,0.7,0.6176470588235294,0.7142857142857143,0.7333333333333333,Neutral,questions article 1 still trying blame victim police say driver caused crash
812447392796733440,2016-12-23,17:58:47,austin,0.5769230769230769,crimes,0.5172413793103449,0.45454545454545453,0.5769230769230769,0.5,Neutral,national cyber bully young brandon day
812444043879870464,2016-12-23,17:45:29,austin,0.5384615384615384,crimes,0.4827586206896552,0.42424242424242425,0.5384615384615384,0.4666666666666667,Neutral,still cant believe hannibal lecter created death star
812443693613547522,2016-12-23,17:44:05,austin,0.34615384615384615,crimes,0.3103448275862069,0.2727272727272727,0.34615384615384615,0.3,Neutral,may force
812432655757283328,2016-12-23,17:00:14,austin,0.5625,addictions,0.48484848484848486,0.5142857142857142,0.5333333333333333,0.5625,Neutral,anyone kick 2016s ass carrie fisher thoughts
812428447918198784,2016-12-23,16:43:30,austin,0.7307692307692307,crimes,0.6551724137931034,0.5757575757575758,0.7307692307692307,0.5806451612903226,Neutral,sponsorship aau track team xtreme force track club austin texas
812424789398876160,2016-12-23,16:28:58,austin,0.7407407407407407,crimes,0.6666666666666666,0.6363636363636364,0.7407407407407407,0.7,Neutral,shut crybaby occupying force settlements illegal amp immoral ceasing theft pal homeland 1st step peace
812424397852184576,2016-12-23,16:27:25,austin,0.6923076923076923,crimes,0.6206896551724138,0.5454545454545454,0.6923076923076923,0.6,Neutral,course meanwhile force palestinians homes wonder hate persists
812424099825938432,2016-12-23,16:26:14,austin,0.6896551724137931,crimes,0.625,0.6,0.6896551724137931,0.65625,Neutral,think chargers going obliterate browns defense gets 5 sacks 2 ints offense puts 35
812413112330715140,2016-12-23,15:42:34,austin,0.6296296296296297,crimes,0.5666666666666667,0.5454545454545454,0.6296296296296297,0.5,Negative,ya girls got 4 hours literally drop dead exhaustion
812412107903926272,2016-12-23,15:38:35,austin,0.8076923076923077,crimes,0.7241379310344828,0.5882352941176471,0.8076923076923077,0.7,Neutral,rockettes issue performing djts usurpation ceremony simply labor dispute sour grapes
812405143379607553,2016-12-23,15:10:54,austin,0.7307692307692307,crimes,0.6551724137931034,0.5757575757575758,0.7307692307692307,0.6333333333333333,Neutral,since forever aint forever lets kick till whenever cant promise ill love least well together
812395509788934144,2016-12-23,14:32:37,austin,0.8461538461538461,crimes,0.7586206896551724,0.6666666666666666,0.8461538461538461,0.7333333333333333,Neutral,fwiw also common practice force rel nofollow attributes onto user supplied links avoid spam amp seo hacking
812388974283096068,2016-12-23,14:06:39,austin,0.7307692307692307,crimes,0.6551724137931034,0.5757575757575758,0.7307692307692307,0.6333333333333333,Negative,fr people hurt animals makes completely sick heartbroken
812382503176695808,2016-12-23,13:40:56,austin,0.6923076923076923,crimes,0.6206896551724138,0.5454545454545454,0.6923076923076923,0.6,Negative,im saying really urge damn near rape might well handle lol
812374706661818368,2016-12-23,13:09:57,austin,0.6176470588235294,guns,0.5454545454545454,0.6176470588235294,0.6,0.5757575757575758,Neutral,im also hawaii took time machine 1980s magnum pi hawaii punched higgins
812373000007909376,2016-12-23,13:03:11,austin,0.6538461538461539,crimes,0.5862068965517241,0.5151515151515151,0.6538461538461539,0.5666666666666667,Negative,trying teach anti bullying tough celebrities bully others attending inauguration
812368564950859776,2016-12-23,12:45:33,austin,0.6153846153846154,crimes,0.5517241379310345,0.48484848484848486,0.6153846153846154,0.5333333333333333,Neutral,luck gets hurt much liking dak higher ceiling carr
812361033021091840,2016-12-23,12:15:37,austin,0.38461538461538464,crimes,0.3448275862068966,0.2647058823529412,0.38461538461538464,0.3333333333333333,Neutral,punch guy jcpenny
812360040535441408,2016-12-23,12:11:41,austin,0.6923076923076923,crimes,0.6206896551724138,0.5454545454545454,0.6923076923076923,0.6,Neutral,happened punch em face grab em pussy theyre rapists happened indeed
812357295309029376,2016-12-23,12:00:46,austin,0.5,crimes,0.4482758620689655,0.3939393939393939,0.5,0.43333333333333335,Negative,huban im pussy shit hurt
812342872712376320,2016-12-23,11:03:28,austin,0.8076923076923077,crimes,0.7241379310344828,0.6363636363636364,0.8076923076923077,0.7,Neutral,im pretty sure christians allowed pray school cant force everybody else
812338785698611200,2016-12-23,10:47:13,austin,0.7307692307692307,crimes,0.6551724137931034,0.5757575757575758,0.7307692307692307,0.6333333333333333,Negative,dont want offend muslims otherwise bomb stab invade amp impose sharia rape amp run
812321890723360768,2016-12-23,09:40:05,austin,0.7692307692307693,crimes,0.6896551724137931,0.5588235294117647,0.7692307692307693,0.6666666666666666,Negative,according eddie redmayne ought play joker dead ass right
812321127460642816,2016-12-23,09:37:03,austin,0.6153846153846154,crimes,0.5517241379310345,0.48484848484848486,0.6153846153846154,0.5333333333333333,Negative,gonna lie dead tired morning autopilot got warmed hit
812320454946017284,2016-12-23,09:34:23,austin,0.7692307692307693,crimes,0.6896551724137931,0.5588235294117647,0.7692307692307693,0.6666666666666666,Neutral,clinching last night might death sentence boys jerry gonna pull bullshit bet
812317558628032513,2016-12-23,09:22:52,austin,0.6923076923076923,crimes,0.6206896551724138,0.5454545454545454,0.6923076923076923,0.6,Positive,also gives opportunity see trevor win us games offense
812316938860974080,2016-12-23,09:20:25,austin,0.8076923076923077,crimes,0.7241379310344828,0.6363636363636364,0.8076923076923077,0.7,Neutral,kubiak finally release chains offense whats worse thing happen wont make playoffs
812312094838259716,2016-12-23,09:01:10,austin,0.7777777777777778,crimes,0.7586206896551724,0.6176470588235294,0.7777777777777778,0.6774193548387096,Neutral,good morning marquis sponsorship aau track team xtreme force track club austin texas
812310950086901761,2016-12-23,08:56:37,austin,0.7142857142857143,crimes,0.6451612903225806,0.5714285714285714,0.7142857142857143,0.6774193548387096,Negative,florida supreme court 200 death row inmates given unconstitutional death sentences
812301749411319810,2016-12-23,08:20:03,austin,0.7307692307692307,crimes,0.6551724137931034,0.5757575757575758,0.7307692307692307,0.6333333333333333,Negative,breaking news berlin terrorist shot dead police italy
812292642310656000,2016-12-23,07:43:52,austin,0.6296296296296297,crimes,0.6206896551724138,0.5,0.6296296296296297,0.6,Negative,nuclear fallout ensures slow agonizing death
812231984843984896,2016-12-23,03:42:50,austin,0.7777777777777778,crimes,0.7586206896551724,0.6176470588235294,0.7777777777777778,0.7333333333333333,Negative,two arrested overnight mosque berlin suspect shot dead shootout police italy
812209434114093056,2016-12-23,02:13:13,austin,0.5,crimes,0.4482758620689655,0.3939393939393939,0.5,0.43333333333333335,Neutral,way without actually really
812204073973927936,2016-12-23,01:51:55,austin,0.5769230769230769,crimes,0.5172413793103449,0.45454545454545453,0.5769230769230769,0.45161290322580644,Negative,yo dead ass dude didnt text back next day
812192516581847040,2016-12-23,01:06:00,austin,0.5,crimes,0.4482758620689655,0.3939393939393939,0.5,0.43333333333333335,Negative,brooo cookies dead gif
812192170195161089,2016-12-23,01:04:37,austin,0.3103448275862069,hate,0.3103448275862069,0.23529411764705882,0.2962962962962963,0.3,Negative,dead dry aaaa pizza
812183297459621888,2016-12-23,00:29:22,austin,0.7307692307692307,crimes,0.6551724137931034,0.5757575757575758,0.7307692307692307,0.6333333333333333,Negative,better fuckin dead school tomorrow
812178015518134272,2016-12-23,00:08:23,austin,0.6923076923076923,crimes,0.6206896551724138,0.5454545454545454,0.6923076923076923,0.6,Neutral,im hungry melissa didnt bring food im hurt
812167632556359680,2016-12-22,23:27:07,austin,0.7692307692307693,crimes,0.6896551724137931,0.6060606060606061,0.7692307692307693,0.6666666666666666,Neutral,got compared cow complaining dental work made left side hurt right friends real
812163539674812416,2016-12-22,23:10:51,austin,0.6923076923076923,crimes,0.6206896551724138,0.5454545454545454,0.6923076923076923,0.6,Negative,usually take pain damn left tooth gonna death
